Дата,Телевизия,Предаване,Кандидат,Партия,Линк
2021-10-15,БНТ,Панорама,Румяна Ченалова,5 - ВЪЗРАЖДАНЕ,https://bnt.bg/news/panorama-15102021-299253news.html
2021-10-15,БНТ,Панорама,Виктор Серафимов,7 - НАЦИОНАЛНО ОБЕДИНЕНИЕ НА ДЕСНИЦАТА,https://bnt.bg/news/panorama-15102021-299253news.html
2021-10-15,БНТ,Панорама,Александър Томов,10 - БЪЛГАРСКА СОЦИАЛДЕМОКРАЦИЯ – ЕВРОЛЕВИЦА,https://bnt.bg/news/panorama-15102021-299253news.html
2021-10-15,БНТ,Панорама,Христо Дунчев,35 - ПАРТИЯ НА ЗЕЛЕНИТЕ,https://bnt.bg/news/panorama-15102021-299253news.html
2021-10-15,БНТ,Панорама,Симеон Славчев,26 - МИР,https://bnt.bg/news/panorama-15102021-299253news.html
2021-10-15,БНТ,Панорама,Георги Георгиев,22 - БЪЛГАРСКО НАЦИОНАЛНО ОБЕДИНЕНИЕ,https://bnt.bg/news/panorama-15102021-299253news.html
2021-10-15,БНТ,Панорама,Волен Сидеров,11 - АТАКА,https://bnt.bg/news/panorama-15102021-299253news.html
2021-10-15,Nova,"""Здравей, България""",Ива Митева,24 - ИТН,https://nova.bg/news/view/2021/10/15/342994/%D0%B8%D0%B2%D0%B0-%D0%BC%D0%B8%D1%82%D0%B5%D0%B2%D0%B0-%D0%B2%D1%8A%D0%B7%D0%BC%D0%BE%D0%B6%D0%BD%D0%BE%D1%81%D1%82%D1%82%D0%B0-%D0%B7%D0%B0-%D0%BA%D0%BE%D0%B0%D0%BB%D0%B8%D1%86%D0%B8%D1%8F-%D0%BD%D0%B0-%D0%BF%D1%80%D0%BE%D1%82%D0%B5%D1%81%D1%82%D0%BD%D0%B8%D1%82%D0%B5-%D0%BF%D0%B0%D1%80%D1%82%D0%B8%D0%B8-%D0%B5-80/
2021-10-16,Nova,Събуди се,Николай Хаджигенов,31 - ИЗПРАВИ СЕ БГ! НИЕ ИДВАМЕ!,https://nova.bg/news/view/2021/10/16/343096/%D1%85%D0%B0%D0%B4%D0%B6%D0%B8%D0%B3%D0%B5%D0%BD%D0%BE%D0%B2-%D0%BF%D1%80%D0%B5%D0%B4%D0%B8%D0%B7%D0%B1%D0%BE%D1%80%D0%BD%D0%BE-%D1%81%D0%BF%D0%BE%D1%80%D0%B0%D0%B7%D1%83%D0%BC%D0%B5%D0%BD%D0%B8%D0%B5-%D0%BF%D0%BE-%D1%81%D0%BA%D0%BE%D1%80%D0%BE-%D0%BD%D1%8F%D0%BC%D0%B0-%D0%B4%D0%B0-%D0%B8%D0%BC%D0%B0/
2021-10-16,Nova,Офанзива,Владислав Панев,30 - ДЕМОКРАТИЧНА БЪЛГАРИЯ – ОБЕДИНЕНИЕ,https://nova.bg/news/view/2021/10/16/343136/%D0%B2%D0%BB%D0%B0%D0%B4%D0%B8%D1%81%D0%BB%D0%B0%D0%B2-%D0%BF%D0%B0%D0%BD%D0%B5%D0%B2-%D0%B4%D0%B1-20-%D0%BF%D0%BE-%D0%BD%D0%B8%D1%81%D0%BA%D0%B0-%D1%86%D0%B5%D0%BD%D0%B0-%D0%BD%D0%B0-%D0%B3%D0%B0%D0%B7%D0%B0-%D0%B0%D0%BA%D0%BE-%D0%B5-%D0%B2%D0%BD%D0%B5%D1%81%D0%B5%D0%BD-%D0%BE%D1%82-%D0%B0%D0%B7%D0%B5%D1%80%D0%B1%D0%B0%D0%B9%D0%B4%D0%B6%D0%B0%D0%BD/
2021-10-16,Nova,Офанзива,Асен Василев,25 - ПРОДЪЛЖАВАМЕ ПРОМЯНАТА,https://nova.bg/news/view/2021/10/16/343138/%D0%B2%D0%B0%D1%81%D0%B8%D0%BB%D0%B5%D0%B2-%D0%BD%D0%B5-%D0%B2%D0%BE%D0%B4%D0%B8%D0%BC-%D0%BF%D0%B0%D1%80%D1%82%D0%B8%D0%B9%D0%BD%D0%BE-%D0%B0%D0%BD%D0%B3%D0%B0%D0%B6%D0%B8%D1%80%D0%B0%D0%BD%D0%B8-%D1%80%D0%B0%D0%B7%D0%B3%D0%BE%D0%B2%D0%BE%D1%80%D0%B8-%D0%B0-%D1%87%D0%B8%D1%81%D1%82%D0%BE-%D0%BF%D1%80%D0%B8%D1%8F%D1%82%D0%B5%D0%BB%D1%81%D0%BA%D0%B8/
2021-10-16,Nova,Офанзива,Иван Иванов,33 - БСП ЗА БЪЛГАРИЯ,https://nova.bg/news/view/2021/10/16/343139/%D0%B8%D0%B2%D0%B0%D0%BD%D0%BE%D0%B2-%D0%B7%D0%B0%D0%BA%D1%80%D0%B8%D0%B2%D0%B0%D0%BD%D0%B5%D1%82%D0%BE-%D0%BD%D0%B0-%D1%81%D0%BF%D0%B5%D1%86%D0%BF%D1%80%D0%BE%D0%BA%D1%83%D1%80%D0%B0%D1%82%D1%83%D1%80%D0%B0%D1%82%D0%B0-%D0%B8-%D1%81%D0%BF%D0%B5%D1%86%D1%81%D1%8A%D0%B4%D0%B0-%D0%B5-%D0%BD%D0%B0%D0%BB%D0%B5%D0%B6%D0%B0%D1%89%D0%BE/
2021-10-16,Nova,Офанзива,Асен Балтов,32 - ГЕРБ-СДС,https://nova.bg/news/view/2021/10/16/343140/%D0%BF%D1%80%D0%BE%D1%84-%D0%B1%D0%B0%D0%BB%D1%82%D0%BE%D0%B2-%D0%BE%D1%87%D0%B0%D0%BA%D0%B2%D0%B0-%D1%81%D0%B5-50-%D1%83%D0%B2%D0%B5%D0%BB%D0%B8%D1%87%D0%B5%D0%BD%D0%B8%D0%B5-%D0%BD%D0%B0-%D1%81%D0%BC%D1%8A%D1%80%D1%82%D0%BD%D0%BE%D1%81%D1%82%D1%82%D0%B0-%D0%BE%D1%82-covid-19/
2021-10-16,bTV,Тази събота и неделя,Мая Манолова,31 - ИЗПРАВИ СЕ БГ! НИЕ ИДВАМЕ!,https://btvnovinite.bg/predavania/tazi-sabota-i-nedelia/lichno-intervju-kandidat-deputatat-ot-ibgni-maja-manolova.html
2021-10-16,bTV,Тази събота и неделя,Ерджан Ебатин,17 - ДПС,https://btvnovinite.bg/predavania/tazi-sabota-i-nedelia/lichno-intervju-vodachat-na-listata-na-dps-vav-varna-erdzhan-ebatin.html
2021-10-16,bTV,Тази събота и неделя,Деян Николов,5 - ВЪЗРАЖДАНЕ,https://btvnovinite.bg/predavania/tazi-sabota-i-nedelia/lichno-intervju-kandidat-deputatat-ot-vazrazhdane-dejan-nikolov.html
2021-10-17,Nova,Събуди се,Асен Балтов,32 - ГЕРБ-СДС,https://nova.bg/news/view/2021/10/17/343179/%D0%B7%D0%B4%D1%80%D0%B0%D0%B2%D0%B5-%D0%B7%D0%B0-%D0%BF%D0%BE%D0%BB%D0%B8%D1%82%D0%B8%D1%87%D0%B5%D1%81%D0%BA%D0%B0-%D1%83%D0%BF%D0%BE%D1%82%D1%80%D0%B5%D0%B1%D0%B0-%D1%81%D0%BF%D0%BE%D1%80%D1%8F%D1%82-%D0%B3%D0%B5%D1%80%D0%B1-%D0%B8-%D0%B1%D1%81%D0%BF/
2021-10-17,Nova,Събуди се,Георги Михайлов,33 - БСП ЗА БЪЛГАРИЯ,https://nova.bg/news/view/2021/10/17/343179/%D0%B7%D0%B4%D1%80%D0%B0%D0%B2%D0%B5-%D0%B7%D0%B0-%D0%BF%D0%BE%D0%BB%D0%B8%D1%82%D0%B8%D1%87%D0%B5%D1%81%D0%BA%D0%B0-%D1%83%D0%BF%D0%BE%D1%82%D1%80%D0%B5%D0%B1%D0%B0-%D1%81%D0%BF%D0%BE%D1%80%D1%8F%D1%82-%D0%B3%D0%B5%D1%80%D0%B1-%D0%B8-%D0%B1%D1%81%D0%BF/
2021-10-17,Nova,На фокус с Лора Крумова,Невяна Митева,0 - НЕЗАВИСИМ КАНДИДАТ,https://nova.bg/news/view/2021/10/17/343227/%D0%BF%D0%BE%D0%BB%D0%BA-%D0%BC%D0%B8%D1%82%D0%B5%D0%B2%D0%B0-%D1%83%D0%BC%D0%BE%D1%80%D0%B8%D1%85%D0%BC%D0%B5-%D1%81%D0%B5-%D0%BE%D1%82-%D1%80%D0%B5%D1%81%D1%82%D0%B0%D1%80%D1%82-%D0%BD%D0%B0-%D1%81%D0%B8%D1%81%D1%82%D0%B5%D0%BC%D0%B0%D1%82%D0%B0-%D1%82%D1%80%D1%8F%D0%B1%D0%B2%D0%B0-%D0%B4%D0%B0-%D0%BD%D0%B0%D0%B4%D0%B3%D1%80%D0%B0%D0%B6%D0%B4%D0%B0%D0%BC%D0%B5/
2021-10-17,Nova,На фокус с Лора Крумова,Христо Иванов,30 - ДЕМОКРАТИЧНА БЪЛГАРИЯ – ОБЕДИНЕНИЕ,https://nova.bg/news/view/2021/10/17/343224/%D1%85%D1%80%D0%B8%D1%81%D1%82%D0%BE-%D0%B8%D0%B2%D0%B0%D0%BD%D0%BE%D0%B2-%D0%B3%D0%B5%D1%80%D0%B1-%D0%B8-%D0%B4%D0%BF%D1%81-%D1%81%D0%B5-%D0%BE%D0%BF%D0%B8%D1%82%D0%B0%D1%85%D0%B0-%D0%B4%D0%B0-%D0%BD%D0%B8-%D0%B4%D0%B5%D1%80%D0%B5%D0%B3%D0%B8%D1%81%D1%82%D1%80%D0%B8%D1%80%D0%B0%D1%82-%D1%81%D0%BB%D1%83%D0%B6%D0%B5%D0%B1%D0%BD%D0%BE-%D0%B2-%D1%81%D1%82%D0%B0%D1%80%D0%B0-%D0%B7%D0%B0%D0%B3%D0%BE%D1%80%D0%B0-%D0%B8-%D0%BE%D1%89%D0%B5-8-%D1%80%D0%B0%D0%B9%D0%BE%D0%BD%D0%B0/
2021-10-17,bTV,Тази събота и неделя,Николай Хаджигенов,31 - ИЗПРАВИ СЕ БГ! НИЕ ИДВАМЕ!,https://btvnovinite.bg/predavania/tazi-sabota-i-nedelia/liderski-intervjuta-nikolaj-hadzhigenov-ot-ibgni.html
2021-10-17,bTV,bTV Дебати парламентарни избори,Радомир Чолаков,32 - ГЕРБ-СДС,https://btvnovinite.bg/predavania/tazi-sabota-i-nedelia/bitkata-za-novija-parlament-parvi-predizboren-debat.html
2021-10-17,bTV,bTV Дебати парламентарни избори,Явор Божанков,33 - БСП ЗА БЪЛГАРИЯ,https://btvnovinite.bg/predavania/tazi-sabota-i-nedelia/bitkata-za-novija-parlament-parvi-predizboren-debat.html
2021-10-17,bTV,bTV Дебати парламентарни избори,Николай Събев,25 - ПРОДЪЛЖАВАМЕ ПРОМЯНАТА,https://btvnovinite.bg/predavania/tazi-sabota-i-nedelia/bitkata-za-novija-parlament-parvi-predizboren-debat.html
2021-10-17,bTV,bTV Дебати парламентарни избори,Елисавета Белобрадова,30 - ДЕМОКРАТИЧНА БЪЛГАРИЯ – ОБЕДИНЕНИЕ,https://btvnovinite.bg/predavania/tazi-sabota-i-nedelia/bitkata-za-novija-parlament-parvi-predizboren-debat.html
2021-10-18,Nova,Твоят ден,Весела Лечева,33 - БСП ЗА БЪЛГАРИЯ,https://nova.bg/news/view/2021/10/18/343279/%D0%B2%D0%B5%D1%81%D0%B5%D0%BB%D0%B0-%D0%BB%D0%B5%D1%87%D0%B5%D0%B2%D0%B0-%D1%81%D1%82%D1%80%D1%83%D0%BA%D1%82%D1%83%D1%80%D0%B8%D1%82%D0%B5-%D0%BD%D0%B0-%D0%B1%D1%81%D0%BF-%D0%BF%D0%BE%D0%B4%D0%BA%D1%80%D0%B5%D0%BF%D0%B8%D1%85%D0%B0-%D1%80%D0%B0%D0%B4%D0%B5%D0%B2-%D0%BE%D1%89%D0%B5-%D0%B2-%D0%BD%D0%B0%D1%87%D0%B0%D0%BB%D0%BE%D1%82%D0%BE-%D0%BD%D0%B0-%D0%B3%D0%BE%D0%B4%D0%B8%D0%BD%D0%B0%D1%82%D0%B0/
2021-10-18,Nova,"""Здравей, България""",Георги Свиленски,33 - БСП ЗА БЪЛГАРИЯ,https://nova.bg/news/view/2021/10/18/343269/%D0%B3%D0%B5%D0%BE%D1%80%D0%B3%D0%B8-%D1%81%D0%B2%D0%B8%D0%BB%D0%B5%D0%BD%D1%81%D0%BA%D0%B8-85-%D0%B5-%D0%B2%D0%B5%D1%80%D0%BE%D1%8F%D1%82%D0%BD%D0%BE%D1%81%D1%82%D1%82%D0%B0-%D0%B4%D0%B0-%D0%B8%D0%BC%D0%B0-%D0%BF%D1%80%D0%B0%D0%B2%D0%B8%D1%82%D0%B5%D0%BB%D1%81%D1%82%D0%B2%D0%BE-%D1%81%D0%BB%D0%B5%D0%B4-%D0%B8%D0%B7%D0%B1%D0%BE%D1%80%D0%B8%D1%82%D0%B5/
2021-10-18,БНТ,Още от деня,Искра Михайлова,5 - ВЪЗРАЖДАНЕ,https://bnt.bg/news/iskra-mihailova-kandidat-za-naroden-predstavitel-ot-pp-vazrazhdane-v305404-299365news.html
2021-10-18,bTV,Тази сутрин,Милен Михов,21 -  ВМРО-БНД,https://btvnovinite.bg/predavania/tazi-sutrin/bitkata-na-milen-mihov-kam-dondukov-2.html
2021-10-18,БНТ,БНТ Дебати парламентарни избори,Петър Петров,5 - ВЪЗРАЖДАНЕ,https://bnt.bg/news/disput-za-prioritetite-na-balgariya-v305388-299365news.html
2021-10-18,БНТ,БНТ Дебати парламентарни избори,Никола Вапцаров,31 - ИЗПРАВИ СЕ БГ! НИЕ ИДВАМЕ!,https://bnt.bg/news/disput-za-prioritetite-na-balgariya-v305388-299365news.html
2021-10-18,БНТ,БНТ Дебати парламентарни избори,Елена Гунчева,5 - ВЪЗРАЖДАНЕ,https://bnt.bg/news/debatat-za-balgariya-v305418-299349news.html
2021-10-18,БНТ,БНТ Дебати парламентарни избори,Николай Малинов,2 - РУСОФИЛИ ЗА ВЪЗРАЖДАНЕ НА ОТЕЧЕСТВОТО,https://bnt.bg/news/debatat-za-balgariya-v305418-299349news.html
2021-10-18,БНТ,БНТ Дебати парламентарни избори,Светослав Витков,14 - ГЛАС НАРОДЕН,https://bnt.bg/news/debatat-za-balgariya-v305418-299349news.html
2021-10-18,БНТ,БНТ Дебати парламентарни избори,Георги Георгиев,22 - БЪЛГАРСКО НАЦИОНАЛНО ОБЕДИНЕНИЕ,https://bnt.bg/news/debatat-za-balgariya-v305418-299349news.html
2021-10-19,Nova,Твоят ден,Светослав Витков,14 - ГЛАС НАРОДЕН,https://nova.bg/news/view/2021/10/19/343387/%D1%81%D0%B2%D0%B5%D1%82%D0%BB%D1%8C%D0%BE-%D0%B2%D0%B8%D1%82%D0%BA%D0%BE%D0%B2-%D1%80%D1%83%D0%BC%D0%B5%D0%BD-%D1%80%D0%B0%D0%B4%D0%B5%D0%B2-%D0%B5-%D0%BD%D0%B0%D0%B9-%D0%B3%D0%BE%D0%BB%D0%B5%D0%BC%D0%B8%D1%8F%D1%82-%D0%BA%D0%BE%D0%BD%D0%BA%D1%83%D1%80%D0%B5%D0%BD%D1%82-%D0%B2-%D0%BF%D1%80%D0%B5%D0%B7%D0%B8%D0%B4%D0%B5%D0%BD%D1%82%D1%81%D0%BA%D0%B8%D1%82%D0%B5-%D0%B8%D0%B7%D0%B1%D0%BE%D1%80%D0%B8/
2021-10-19,Nova,Твоят ден,Мария Капон,31 - ИЗПРАВИ СЕ БГ! НИЕ ИДВАМЕ!,https://nova.bg/news/view/2021/10/19/343383/%D0%BA%D0%B0%D0%BF%D0%BE%D0%BD-%D0%B3%D0%B5%D1%80%D0%B1-%D0%B8-%D0%B4%D0%BF%D1%81-%D1%81%D0%B0-%D1%87%D0%B5%D1%80%D0%B2%D0%B5%D0%BD%D0%B8-%D0%BB%D0%B8%D0%BD%D0%B8%D0%B8-%D0%BA%D0%BE%D0%B8%D1%82%D0%BE-%D0%BD%D0%B5-%D0%BF%D1%80%D0%B5%D0%BC%D0%B8%D0%BD%D0%B0%D0%B2%D0%B0%D0%BC%D0%B5/
2021-10-19,Nova,Денят на живо,Асен Василев,25 - ПРОДЪЛЖАВАМЕ ПРОМЯНАТА,https://nova.bg/news/view/2021/10/19/343437/%D0%B0%D1%81%D0%B5%D0%BD-%D0%B2%D0%B0%D1%81%D0%B8%D0%BB%D0%B5%D0%B2-%D0%B3%D0%B5%D1%80%D0%B1-%D0%B7%D0%B0%D0%BF%D0%BB%D0%B0%D1%88%D0%B2%D0%B0-%D1%85%D0%BE%D1%80%D0%B0-%D1%87%D0%B5-%D0%B0%D0%BA%D0%BE-%D0%BD%D0%B5-%D0%B3%D0%BB%D0%B0%D1%81%D1%83%D0%B2%D0%B0%D1%82-%D0%B7%D0%B0-%D1%82%D1%8F%D1%85-%D1%89%D0%B5-%D0%B1%D1%8A%D0%B4%D0%B0%D1%82-%D1%83%D0%B2%D0%BE%D0%BB%D0%BD%D0%B5%D0%BD%D0%B8/
2021-10-19,Nova,"""Здравей, България""",Томислав Дончев,32 - ГЕРБ-СДС,https://nova.bg/news/view/2021/10/19/343380/%D1%82%D0%BE%D0%BC%D0%B8%D1%81%D0%BB%D0%B0%D0%B2-%D0%B4%D0%BE%D0%BD%D1%87%D0%B5%D0%B2-%D0%BD%D0%B5-%D0%B8%D0%B7%D0%BA%D0%BB%D1%8E%D1%87%D0%B2%D0%B0%D0%BC-%D0%BF%D0%B0%D0%B7%D0%B0%D1%80%D0%BD%D0%B8-%D1%81%D0%BF%D0%B5%D0%BA%D1%83%D0%BB%D0%B0%D1%86%D0%B8%D0%B8-%D0%BF%D1%80%D0%B8-%D1%82%D1%8A%D1%80%D0%B3%D0%BE%D0%B2%D0%B8%D1%8F%D1%82%D0%B0-%D1%81-%D1%82%D0%BE%D0%BA%D0%B0/
2021-10-19,БНТ,Още от деня,Даниел Митов,32 - ГЕРБ-СДС,https://bnt.bg/news/daniel-mitov-kandidat-za-naroden-predstavitel-ot-kp-gerb-sds-v305482-299387news.html
2021-10-19,БНТ,Денят започва,Иван Ченчев,33 - БСП ЗА БЪЛГАРИЯ,https://bnt.bg/news/ivan-chenchev-kandidat-za-naroden-predstavitel-ot-bsp-za-balgariya-v305435-299387news.html
2021-10-19,БНТ,Денят започва,Иво Божков,30 - ДЕМОКРАТИЧНА БЪЛГАРИЯ – ОБЕДИНЕНИЕ,https://bnt.bg/news/ivo-bozhkov-kandidat-za-naroden-predstavitel-ot-demokratichna-balgariya-v305437-299387news.html
2021-10-19,bTV,Лице в лице,Цветан Цветанов,7 - НАЦИОНАЛНО ОБЕДИНЕНИЕ НА ДЕСНИЦАТА,https://btvnovinite.bg/predavania/lice-v-lice/bitkata-za-47-parlament-cvetan-cvetanov-i-nikolaj-malinov-v-debat-za-diversifikacijata-i-nezavisimostta-na-stranata-ni.html
2021-10-19,bTV,Лице в лице,Николай Малинов,2 - РУСОФИЛИ ЗА ВЪЗРАЖДАНЕ НА ОТЕЧЕСТВОТО,https://btvnovinite.bg/predavania/lice-v-lice/bitkata-za-47-parlament-cvetan-cvetanov-i-nikolaj-malinov-v-debat-za-diversifikacijata-i-nezavisimostta-na-stranata-ni.html
2021-10-20,Nova,Твоят ден,Костадин Костадинов,5 - ВЪЗРАЖДАНЕ,https://nova.bg/news/view/2021/10/20/343516/%D0%BA%D0%BE%D1%81%D1%82%D0%B0%D0%B4%D0%B8%D0%BD%D0%BE%D0%B2-%D0%B7%D0%B0%D0%BF%D0%BE%D0%B2%D0%B5%D0%B4%D1%82%D0%B0-%D0%B7%D0%B0-%D0%B7%D0%B5%D0%BB%D0%B5%D0%BD%D0%B8%D1%8F-%D1%81%D0%B5%D1%80%D1%82%D0%B8%D1%84%D0%B8%D0%BA%D0%B0%D1%82-%D0%B5-%D0%BD%D0%B0%D1%81%D0%B8%D0%BB%D1%81%D1%82%D0%B2%D0%B5%D0%BD%D0%B0-%D0%B8-%D0%BF%D1%80%D0%BE%D1%82%D0%B8%D0%B2%D0%BE%D0%BA%D0%BE%D0%BD%D1%81%D1%82%D0%B8%D1%82%D1%83%D1%86%D0%B8%D0%BE%D0%BD%D0%BD%D0%B0/
2021-10-20,Nova,Твоят ден,Явор Божанков,33 - БСП ЗА БЪЛГАРИЯ,https://nova.bg/news/view/2021/10/20/343509/%D1%8F%D0%B2%D0%BE%D1%80-%D0%B1%D0%BE%D0%B6%D0%B0%D0%BD%D0%BA%D0%BE%D0%B2-%D0%B1%D1%81%D0%BF-%D0%B8%D1%81%D0%BA%D0%B0%D0%BC%D0%B5-%D0%BE%D1%81%D1%82%D0%B0%D0%B2%D0%BA%D0%B0%D1%82%D0%B0-%D0%BD%D0%B0-%D0%B7%D0%B4%D1%80%D0%B0%D0%B2%D0%BD%D0%B8%D1%8F-%D0%BC%D0%B8%D0%BD%D0%B8%D1%81%D1%82%D1%8A%D1%80/
2021-10-20,Nova,NOVA Дебати парламентарни избори,Костадин Ангелов,32 - ГЕРБ-СДС,https://nova.bg/news/view/2021/10/20/343503/%D0%BF%D1%80%D0%B5%D0%B4%D0%B8%D0%B7%D0%B1%D0%BE%D1%80%D0%B5%D0%BD-%D0%B4%D0%B5%D0%B1%D0%B0%D1%82-%D0%B4%D1%8A%D1%80%D0%B6%D0%B0%D0%B2%D0%B0%D1%82%D0%B0-%D1%81%D1%80%D0%B5%D1%89%D1%83-covid-19/
2021-10-20,Nova,NOVA Дебати парламентарни избори,Вълкан Иванов,25 - ПРОДЪЛЖАВАМЕ ПРОМЯНАТА,https://nova.bg/news/view/2021/10/20/343503/%D0%BF%D1%80%D0%B5%D0%B4%D0%B8%D0%B7%D0%B1%D0%BE%D1%80%D0%B5%D0%BD-%D0%B4%D0%B5%D0%B1%D0%B0%D1%82-%D0%B4%D1%8A%D1%80%D0%B6%D0%B0%D0%B2%D0%B0%D1%82%D0%B0-%D1%81%D1%80%D0%B5%D1%89%D1%83-covid-19/
2021-10-20,Nova,NOVA Дебати парламентарни избори,Георги Михайлов,33 - БСП ЗА БЪЛГАРИЯ,https://nova.bg/news/view/2021/10/20/343503/%D0%BF%D1%80%D0%B5%D0%B4%D0%B8%D0%B7%D0%B1%D0%BE%D1%80%D0%B5%D0%BD-%D0%B4%D0%B5%D0%B1%D0%B0%D1%82-%D0%B4%D1%8A%D1%80%D0%B6%D0%B0%D0%B2%D0%B0%D1%82%D0%B0-%D1%81%D1%80%D0%B5%D1%89%D1%83-covid-19/
2021-10-20,Nova,NOVA Дебати парламентарни избори,Желязко Арабаджиев,17 - ДПС,https://nova.bg/news/view/2021/10/20/343503/%D0%BF%D1%80%D0%B5%D0%B4%D0%B8%D0%B7%D0%B1%D0%BE%D1%80%D0%B5%D0%BD-%D0%B4%D0%B5%D0%B1%D0%B0%D1%82-%D0%B4%D1%8A%D1%80%D0%B6%D0%B0%D0%B2%D0%B0%D1%82%D0%B0-%D1%81%D1%80%D0%B5%D1%89%D1%83-covid-19/
2021-10-20,БНТ,Още от деня,Мая Манолова,31 - ИЗПРАВИ СЕ БГ! НИЕ ИДВАМЕ!,https://bnt.bg/news/maya-manolova-kandidat-za-deputat-ot-koaliciya-izpravi-sebg-nie-idvame-v305564-299420news.html
2021-10-20,БНТ,Денят започва,Петър Москов,7 - НАЦИОНАЛНО ОБЕДИНЕНИЕ НА ДЕСНИЦАТА,https://bnt.bg/news/d-r-petar-moskov-kandidat-za-deputat-ot-kp-nacionalno-obedinenie-na-desnicata-v305515-299420news.html
2021-10-20,БНТ,Денят започва,Ивайло Мишев,34 - ПП БЪЛГАРСКА ПРОГРЕСИВНА ЛИНИЯ,https://bnt.bg/news/arh-ivailo-mishev-kandidat-za-deputat-ot-pp-balgarska-progresivna-liniya%C2%A0-v305517-299420news.html
2021-10-20,bTV,Тази сутрин,Горан Благоев,7 - НАЦИОНАЛНО ОБЕДИНЕНИЕ НА ДЕСНИЦАТА,https://btvnovinite.bg/predavania/tazi-sutrin/celite-i-prioritetite-na-goran-blagoev-v-kandidatprezidentskata-nadprevara.html
2021-10-21,Nova,Твоят ден,Волен Сидеров,11 - АТАКА,https://nova.bg/news/view/2021/10/21/343629/%D0%B2%D0%BE%D0%BB%D0%B5%D0%BD-%D1%81%D0%B8%D0%B4%D0%B5%D1%80%D0%BE%D0%B2-%D0%BD%D0%BE%D0%B2%D0%B8%D1%82%D0%B5-%D0%BC%D0%B5%D1%80%D0%BA%D0%B8-%D1%81%D0%B0-%D0%BD%D0%B5%D0%B7%D0%B0%D0%BA%D0%BE%D0%BD%D0%BD%D0%B8/
2021-10-21,Nova,Твоят ден,Радостин Василев,24 - ИТН,https://nova.bg/news/view/2021/10/21/343632/%D1%80%D0%B0%D0%B4%D0%BE%D1%81%D1%82%D0%B8%D0%BD-%D0%B2%D0%B0%D1%81%D0%B8%D0%BB%D0%B5%D0%B2-%D0%B7%D0%B5%D0%BB%D0%B5%D0%BD%D0%B8%D1%8F%D1%82-%D1%81%D0%B5%D1%80%D1%82%D0%B8%D1%84%D0%B8%D0%BA%D0%B0%D1%82-%D0%B8%D0%BC%D0%B0-%D0%B4%D0%B8%D1%81%D0%BA%D1%80%D0%B8%D0%BC%D0%B8%D0%BD%D0%B0%D1%86%D0%B8%D0%BE%D0%BD%D0%B5%D0%BD-%D0%B5%D1%84%D0%B5%D0%BA%D1%82/
2021-10-21,Nova,Денят на живо,Валери Симеонов,4 - КП ПАТРИОТИЧЕН ФРОНТ – НФСБ и БДС РАДИКАЛИ и БНДС ЦЕЛОКУПНА БЪЛГАРИЯ,https://nova.bg/news/view/2021/10/21/343691/%D1%81%D0%B8%D0%BC%D0%B5%D0%BE%D0%BD%D0%BE%D0%B2-%D0%BC%D0%BE%D0%B6%D0%B5-%D0%B4%D0%B0-%D0%B7%D0%B0%D0%B3%D1%83%D0%B1%D0%B8%D0%BC-12-%D0%BC%D0%BB%D1%80%D0%B4-%D0%BE%D1%82-%D0%BF%D0%BB%D0%B0%D0%BD%D0%B0-%D0%B7%D0%B0-%D1%80%D0%B0%D0%B7%D0%B2%D0%B8%D1%82%D0%B8%D0%B5-%D0%B7%D0%B0%D1%80%D0%B0%D0%B4%D0%B8-%D0%BD%D0%B8%D1%81%D0%BA%D0%B0%D1%82%D0%B0-%D0%B2%D0%B0%D0%BA%D1%81%D0%B8%D0%BD%D0%B0%D1%86%D0%B8%D1%8F-%D0%B2%D0%B8%D0%B4%D0%B5%D0%BE/
2021-10-21,БНТ,Денят започва,Александър Томов,10 - БЪЛГАРСКА СОЦИАЛДЕМОКРАЦИЯ – ЕВРОЛЕВИЦА,https://bnt.bg/news/aleksandar-tomov-kandidat-za-deputat-ot-balgarska-socialdemokraciya-evrolevica-v305593-299458news.html
2021-10-21,БНТ,Денят започва,Петър Клисаров,29 - ПРЯКА ДЕМОКРАЦИЯ,https://bnt.bg/news/petar-klisarov-kandidat-za-naroden-predstavitel-na-pp-pryaka-demokraciya-v306145-299719news.html
2021-10-21,БНТ,Денят започва,Искрен Веселинов,21 -  ВМРО-БНД,https://bnt.bg/news/iskren-veselinov-kandidat-za-deputat-ot-vmro-bdn%C2%A0-v305687-299520news.html
2021-10-21,bTV,Тази сутрин,Веселин Калановски,30 - ДЕМОКРАТИЧНА БЪЛГАРИЯ – ОБЕДИНЕНИЕ,https://btvnovinite.bg/predavania/tazi-sutrin/veselin-kalanovski-za-zelenite-sertifikati-i-politikata.html
2021-10-21,БНТ,БНТ Дебати парламентарни избори,Асен Иванов,22 - БЪЛГАРСКО НАЦИОНАЛНО ОБЕДИНЕНИЕ,https://bnt.bg/news/disput-s-uchastieto-na-asen-ivanov-pp-balgarsko-nacionalno-obedinenie-i-georgi-nedelchev-pp-balgarski-sayuz-za-direktna-dem-v305638-299458news.html
2021-10-21,БНТ,БНТ Дебати парламентарни избори,Георги Неделчев,8 - БЪЛГАРСКИ СЪЮЗ ЗА ДИРЕКТНА ДЕМОКРАЦИЯ (БСДД),https://bnt.bg/news/disput-s-uchastieto-na-asen-ivanov-pp-balgarsko-nacionalno-obedinenie-i-georgi-nedelchev-pp-balgarski-sayuz-za-direktna-dem-v305638-299458news.html
2021-10-22,Nova,Твоят ден,Кирил Петков,25 - ПРОДЪЛЖАВАМЕ ПРОМЯНАТА,https://nova.bg/news/view/2021/10/22/343750/%D0%BA%D0%B8%D1%80%D0%B8%D0%BB-%D0%BF%D0%B5%D1%82%D0%BA%D0%BE%D0%B2-%D0%BF%D1%80%D0%B5%D0%B4%D0%BB%D0%B0%D0%B3%D0%B0%D0%BC%D0%B5-%D0%B7%D0%B5%D0%BB%D0%B5%D0%BD-%D1%81%D0%B5%D1%80%D1%82%D0%B8%D1%84%D0%B8%D0%BA%D0%B0%D1%82-%D1%81%D0%BB%D0%B5%D0%B4-%D1%82%D0%B5%D1%81%D1%82-%D0%B7%D0%B0-%D0%B0%D0%BD%D1%82%D0%B8%D1%82%D0%B5%D0%BB%D0%B0/
2021-10-22,Nova,Денят на живо,Искрен Веселинов,21 -  ВМРО-БНД,https://nova.bg/news/view/2021/10/22/343808/%D0%BD%D0%B0%D1%80%D1%83%D1%88%D0%B0%D0%B2%D0%B0-%D0%BB%D0%B8-%D0%B7%D0%B5%D0%BB%D0%B5%D0%BD%D0%B8%D1%8F%D1%82-%D1%81%D0%B5%D1%80%D1%82%D0%B8%D1%84%D0%B8%D0%BA%D0%B0%D1%82-%D0%BF%D1%80%D0%B0%D0%B2%D0%B0%D1%82%D0%B0-%D0%BD%D0%B0-%D0%B3%D1%80%D0%B0%D0%B6%D0%B4%D0%B0%D0%BD%D0%B8%D1%82%D0%B5/
2021-10-22,Nova,Денят на живо,Георги Ганев,30 - ДЕМОКРАТИЧНА БЪЛГАРИЯ – ОБЕДИНЕНИЕ,https://nova.bg/news/view/2021/10/22/343810/%D0%BC%D0%BE%D0%B6%D0%B5-%D0%BB%D0%B8-%D0%B3%D1%80%D0%B0%D0%B6%D0%B4%D0%B0%D0%BD%D1%81%D0%BA%D0%B0%D1%82%D0%B0-%D0%BA%D0%B2%D0%BE%D1%82%D0%B0-%D0%B4%D0%B0-%D0%B8%D0%B7%D0%BC%D0%B5%D1%81%D1%82%D0%B8-%D0%BF%D0%B0%D1%80%D1%82%D0%B8%D0%B9%D0%BD%D0%B8%D1%82%D0%B5-%D0%BA%D0%B0%D0%BD%D0%B4%D0%B8%D0%B4%D0%B0%D1%82%D0%B8/
2021-10-22,БНТ,Панорама,Светослав Витков,14 - ГЛАС НАРОДЕН,https://bnt.bg/news/panorama-22102021-299480news.html
2021-10-22,БНТ,Панорама,Георги Вълчев,4 - КП ПАТРИОТИЧЕН ФРОНТ – НФСБ и БДС РАДИКАЛИ и БНДС ЦЕЛОКУПНА БЪЛГАРИЯ,https://bnt.bg/news/panorama-22102021-299480news.html
2021-10-22,БНТ,Панорама,Георги Неделчев,8 - БЪЛГАРСКИ СЪЮЗ ЗА ДИРЕКТНА ДЕМОКРАЦИЯ (БСДД),https://bnt.bg/news/panorama-22102021-299480news.html
2021-10-22,БНТ,Панорама,Ангел Джамбазки,21 -  ВМРО-БНД,https://bnt.bg/news/panorama-22102021-299480news.html
2021-10-22,БНТ,Панорама,Петър Клисаров,29 - ПРЯКА ДЕМОКРАЦИЯ,https://bnt.bg/news/panorama-22102021-299480news.html
2021-10-22,БНТ,Панорама,Мария Колева,20 - ПРАВОТО,https://bnt.bg/news/panorama-22102021-299480news.html
2021-10-22,БНТ,Още от деня,Джема Грозданова,7 - НАЦИОНАЛНО ОБЕДИНЕНИЕ НА ДЕСНИЦАТА,https://bnt.bg/news/jema-grozdanova-kp-nacionalno-obedinenie-na-desnicata-v305656-299458news.html
2021-10-22,БНТ,Денят започва,Елен Кокалинска,34 - ПП БЪЛГАРСКА ПРОГРЕСИВНА ЛИНИЯ,https://bnt.bg/news/elen-kokalinska-kandidat-za-deputat-ot-balgarska-progresivna-liniya-v305690-299520news.html?fbclid=IwAR0e7kQrzH_AaHtZjNxEUrV4gVDVQF6hJN_louQsgqfcgu2WzBNY1CtcMpA
2021-10-22,bTV,Лице в лице,,,https://btvnovinite.bg/predavania/lice-v-lice/novite-izbori-debat-za-badeshteto-na-energetikata-mezhdu-ivan-hinovski-i-ramadan-atalaj.html
2021-10-22,bTV,Тази сутрин,Светослав Витков,14 - ГЛАС НАРОДЕН,https://btvnovinite.bg/predavania/tazi-sutrin/kakvi-sa-prioritetite-na-svetlyo-vitkov-v-prezidentskata-bitka.html
2021-10-23,Nova,Събуди се,Атанас Атанасов,30 - ДЕМОКРАТИЧНА БЪЛГАРИЯ – ОБЕДИНЕНИЕ,https://nova.bg/news/view/2021/10/23/343850/%D0%B0%D1%82%D0%B0%D0%BD%D0%B0%D1%81%D0%BE%D0%B2-%D0%B4%D0%B1-%D0%BD%D0%B8%D0%BA%D0%BE%D0%B3%D0%B0-%D0%BD%D0%B5-%D0%B5-%D0%B1%D0%B8%D0%BB%D0%B0-%D1%82%D0%BE%D0%BB%D0%BA%D0%BE%D0%B2%D0%B0-%D0%BC%D0%BE%D0%B1%D0%B8%D0%BB%D0%B8%D0%B7%D0%B8%D1%80%D0%B0%D0%BD%D0%B0-%D0%BA%D0%BE%D0%BB%D0%BA%D0%BE%D1%82%D0%BE-%D1%81%D0%B5%D0%B3%D0%B0/
2021-10-23,Nova,Офанзива,Иван Димитров,30 - ДЕМОКРАТИЧНА БЪЛГАРИЯ – ОБЕДИНЕНИЕ,https://nova.bg/news/view/2021/10/23/343884/%D0%BF%D1%80%D0%B5%D0%B4%D0%BB%D0%BE%D0%B6%D0%B5%D0%BD%D0%B8%D1%8F%D1%82%D0%B0-%D0%BD%D0%B0-%D0%B4%D0%B5%D0%BC%D0%BE%D0%BA%D1%80%D0%B0%D1%82%D0%B8%D1%87%D0%BD%D0%B0-%D0%B1%D1%8A%D0%BB%D0%B3%D0%B0%D1%80%D0%B8%D1%8F-%D0%B7%D0%B0-%D1%81%D1%8A%D0%B4%D0%B5%D0%B1%D0%BD%D0%B0%D1%82%D0%B0-%D1%80%D0%B5%D1%84%D0%BE%D1%80%D0%BC%D0%B0/
2021-10-23,Nova,Офанзива,Рамадан Аталай,17 - ДПС,https://nova.bg/news/view/2021/10/23/343886/%D1%80%D0%B0%D0%BC%D0%B0%D0%B4%D0%B0%D0%BD-%D0%B0%D1%82%D0%B0%D0%BB%D0%B0%D0%B9-%D0%BD%D0%B0-%D0%B5%D0%BD%D0%B5%D1%80%D0%B3%D0%B8%D0%B9%D0%BD%D0%BE-%D0%B1%D0%B5%D0%B4%D0%BD%D0%B8%D1%82%D0%B5-%D0%BD%D0%B5-%D1%82%D1%80%D1%8F%D0%B1%D0%B2%D0%B0-%D0%B4%D0%B0-%D0%B1%D1%8A%D0%B4%D0%B5-%D1%81%D0%BF%D0%B8%D1%80%D0%B0%D0%BD%D0%B0-%D0%B5%D0%BB%D0%B5%D0%BA%D1%82%D1%80%D0%BE%D0%B5%D0%BD%D0%B5%D1%80%D0%B3%D0%B8%D1%8F%D1%82%D0%B0/
2021-10-23,Nova,Офанзива,Антон Тонев,25 - ПРОДЪЛЖАВАМЕ ПРОМЯНАТА,https://nova.bg/news/view/2021/10/23/343887/%D0%BF%D1%80%D0%BE%D0%B4%D1%8A%D0%BB%D0%B6%D0%B0%D0%B2%D0%B0%D0%BC%D0%B5-%D0%BF%D1%80%D0%BE%D0%BC%D1%8F%D0%BD%D0%B0%D1%82%D0%B0-%D1%86%D0%B5%D0%BB%D0%B8-%D0%B8-%D0%BF%D1%80%D0%B8%D0%BE%D1%80%D0%B8%D1%82%D0%B5%D1%82%D0%B8-%D0%BF%D1%80%D0%B5%D0%B4%D0%B8-%D0%B8%D0%B7%D0%B1%D0%BE%D1%80%D0%B8%D1%82%D0%B5-%D0%B2%D0%B8%D0%B4%D0%B5%D0%BE/
2021-10-23,Nova,Офанзива,Румен Гечев,33 - БСП ЗА БЪЛГАРИЯ,https://nova.bg/news/view/2021/10/23/343889/%D1%80%D1%83%D0%BC%D0%B5%D0%BD-%D0%B3%D0%B5%D1%87%D0%B5%D0%B2-%D0%BF%D1%8A%D1%80%D0%B2%D0%B8%D1%82%D0%B5-200-%D0%BA%D0%B8%D0%BB%D0%BE%D0%B2%D0%B0%D1%82%D1%87%D0%B0%D1%81%D0%B0-%D0%B7%D0%B0-%D1%81%D0%BE%D1%86%D0%B8%D0%B0%D0%BB%D0%BD%D0%BE-%D1%81%D0%BB%D0%B0%D0%B1%D0%B8%D1%82%D0%B5-%D0%B4%D0%B0-%D0%B1%D1%8A%D0%B4%D0%B0%D1%82-%D0%BF%D0%BE%D0%B5%D1%82%D0%B8-%D0%BE%D1%82-%D0%B4%D1%8A%D1%80%D0%B6%D0%B0%D0%B2%D0%B0%D1%82%D0%B0-%D0%B2%D0%B8%D0%B4%D0%B5%D0%BE/
2021-10-23,Nova,Офанзива,Даниел Митов,32 - ГЕРБ-СДС,https://nova.bg/news/view/2021/10/23/343890/%D0%B4%D0%B0%D0%BD%D0%B8%D0%B5%D0%BB-%D0%BC%D0%B8%D1%82%D0%BE%D0%B2-%D1%81%D0%BB%D1%83%D0%B6%D0%B5%D0%B1%D0%BD%D0%BE%D1%82%D0%BE-%D0%BF%D1%80%D0%B0%D0%B2%D0%B8%D1%82%D0%B5%D0%BB%D1%81%D1%82%D0%B2%D0%BE-%D0%B5-%D0%BD%D0%B5%D0%BA%D0%BE%D0%BC%D0%BF%D0%B5%D1%82%D0%B5%D0%BD%D1%82%D0%BD%D0%BE-%D0%B2%D0%B8%D0%B4%D0%B5%D0%BE/
2021-10-23,БНТ,Още от деня,Александър Томов,10 - БЪЛГАРСКА СОЦИАЛДЕМОКРАЦИЯ – ЕВРОЛЕВИЦА,https://bnt.bg/news/aleksandar-tomov-kandidat-za-naroden-predstavitel-na-pp-balgarska-socialdemokraciya-evrolevica-v305740-299520news.html
2021-10-23,БНТ,Денят започва с Георги Любенов,Петър Москов,7 - НАЦИОНАЛНО ОБЕДИНЕНИЕ НА ДЕСНИЦАТА,https://bnt.bg/news/petar-moskov-kandidat-za-naroden-predstavitel-ot-nacionalno-obedinenie-na-desnicata-v305764-299552news.html
2021-10-23,БНТ,Денят започва с Георги Любенов,Симеон Славчев,26 - МИР,https://bnt.bg/news/simeon-slavchev-kandidat-za-naroden-predstavitel-ot-pp-mir-v305765-299552news.html
2021-10-23,БНТ,Денят започва с Георги Любенов,Юлиан Ангелов,21 -  ВМРО-БНД,https://bnt.bg/news/yulian-angelov-kandidat-za-naroden-predstavitel-ot-vmro-v305766-299552news.html
2021-10-23,БНТ,Говори сега,Мая Манолова,31 - ИЗПРАВИ СЕ БГ! НИЕ ИДВАМЕ!,https://bnt.bg/news/maya-manolova-kandidat-za-deputat-ot-koaliciya-izpravi-se-bg-nie-idvame-v305802-299552news.html
2021-10-23,БНТ,Говори сега,Христо Проданов,33 - БСП ЗА БЪЛГАРИЯ,https://bnt.bg/news/hristo-prodanov-kandidat-za-deputat-ot-bsp-za-balgariya-v305803-299552news.html
2021-10-23,bTV,Тази събота и неделя,Мария Касимова-Моасе,0 - НЕЗАВИСИМ КАНДИДАТ,https://btvnovinite.bg/predavania/tazi-sabota-i-nedelia/lichno-intervju-kandidatat-za-viceprezident-marija-kasimova-moase.html
2021-10-23,bTV,Тази събота и неделя,Искра Михайлова,17 - ДПС,https://btvnovinite.bg/predavania/tazi-sabota-i-nedelia/lichno-intervju-kandidatat-za-viceprezident-iskra-mihajlova-ot-dps.html
2021-10-23,bTV,Тази събота и неделя,Пламен Данаилов,24 - ИТН,https://btvnovinite.bg/predavania/tazi-sabota-i-nedelia/lichno-intervju-kandidat-deputatat-plamen-danailov-ot-itn.html
2021-10-24,bTV,120 Минути,,,https://btvnovinite.bg/predavania/120-minuti/izborite-2-v-1-kandidatprezidentskata-dvojka-lozan-panov-i-marija-kasimova-moase.html
2021-10-24,Nova,Събуди се,,,https://nova.bg/news/view/2021/10/24/343931/%D0%BE%D1%86%D0%B5%D0%BD%D0%BA%D0%B8-%D0%B8-%D1%80%D0%B5%D1%88%D0%B5%D0%BD%D0%B8%D1%8F-%D0%BA%D0%B0%D0%BA-%D1%81%D0%B5-%D1%83%D0%BF%D1%80%D0%B0%D0%B2%D0%BB%D1%8F%D0%B2%D0%B0-covid-%D0%BA%D1%80%D0%B8%D0%B7%D0%B0%D1%82%D0%B0/
2021-10-24,Nova,Събуди се,Корнелия Нинова,33 - БСП ЗА БЪЛГАРИЯ,https://nova.bg/news/view/2021/10/24/343932/%D0%BD%D0%B8%D0%BD%D0%BE%D0%B2%D0%B0-%D0%BE%D1%82-%D0%B1%D1%81%D0%BF-%D0%BE%D1%82%D0%B4%D0%B0%D0%B2%D0%BD%D0%B0-%D0%B4%D0%B0%D0%B2%D0%B0%D0%BC%D0%B5-%D0%BF%D1%80%D0%B5%D0%B4%D0%BB%D0%BE%D0%B6%D0%B5%D0%BD%D0%B8%D1%8F-%D0%B7%D0%B0-%D0%BC%D0%B5%D0%B4%D0%B8%D1%86%D0%B8%D0%BD%D1%81%D0%BA%D0%B0%D1%82%D0%B0-%D0%BA%D1%80%D0%B8%D0%B7%D0%B0-%D1%83-%D0%BD%D0%B0%D1%81/
2021-10-24,Nova,Събуди се,Десислава Атанасова,32 - ГЕРБ-СДС,https://nova.bg/news/view/2021/10/24/343933/%D0%B4%D0%B5%D1%81%D0%B8%D1%81%D0%BB%D0%B0%D0%B2%D0%B0-%D0%B0%D1%82%D0%B0%D0%BD%D0%B0%D1%81%D0%BE%D0%B2%D0%B0-%D0%B8%D0%BC%D0%B0%D0%BC%D0%B5-%D1%80%D0%B5%D1%88%D0%B5%D0%BD%D0%B8%D1%8F-%D0%B7%D0%B0-%D0%B1%D1%8A%D0%BB%D0%B3%D0%B0%D1%80%D0%B8%D1%8F-%D0%B8-%D0%BC%D0%BE%D0%B6%D0%B5%D0%BC-%D0%B4%D0%B0-%D0%BD%D0%BE%D1%81%D0%B8%D0%BC-%D0%BE%D1%82%D0%B3%D0%BE%D0%B2%D0%BE%D1%80%D0%BD%D0%BE%D1%81%D1%82/
2021-10-24,Nova,На фокус с Лора Крумова,Лозан Панов,0 - НЕЗАВИСИМ КАНДИДАТ,https://nova.bg/news/view/2021/10/24/343963/%D0%BB%D0%BE%D0%B7%D0%B0%D0%BD-%D0%BF%D0%B0%D0%BD%D0%BE%D0%B2-%D0%BF%D0%BE%D0%B8%D1%81%D0%BA%D0%B0-%D0%B4%D0%B5%D0%B1%D0%B0%D1%82-%D1%81-%D0%BA%D0%BE%D0%BD%D0%BA%D1%83%D1%80%D0%B5%D0%BD%D1%82%D0%B8%D1%82%D0%B5-%D1%81%D0%B8-%D0%B7%D0%B0-%D0%B4%D0%BE%D0%BD%D0%B4%D1%83%D0%BA%D0%BE%D0%B2-2/
2021-10-24,Nova,На фокус с Лора Крумова,Мая Манолова,31 - ИЗПРАВИ СЕ БГ! НИЕ ИДВАМЕ!,https://nova.bg/news/view/2021/10/24/343967/%D0%BC%D0%B0%D0%BD%D0%BE%D0%BB%D0%BE%D0%B2%D0%B0-%D0%B4%D0%BE%D0%B9%D0%B4%D0%B5-%D0%B2%D1%80%D0%B5%D0%BC%D0%B5-%D0%B7%D0%B0-%D0%BE%D0%B1%D0%B5%D0%B4%D0%B8%D0%BD%D0%B5%D0%BD%D0%B8%D0%B5-%D0%BD%D0%B5-%D0%B4%D0%B0-%D1%81%D0%B8-%D1%82%D1%8A%D1%80%D1%81%D0%B8%D0%BC-%D0%BA%D1%83%D1%81%D1%83%D1%80%D0%B8%D1%82%D0%B5/
2021-10-24,Nova,На фокус с Лора Крумова,,,https://nova.bg/news/view/2021/10/24/343970/%D0%B9%D0%BE%D1%80%D0%B4%D0%B0%D0%BD-%D1%86%D0%BE%D0%BD%D0%B5%D0%B2-%D0%B8%D0%B7%D0%B4%D0%B8%D0%B3%D0%B0%D0%BD%D0%B5%D1%82%D0%BE-%D0%BD%D0%B0-%D0%BA%D0%B0%D1%80%D0%B0%D0%B4%D0%B0%D0%B9%D1%8A-%D0%B7%D0%B0-%D0%BF%D1%80%D0%B5%D0%B7%D0%B8%D0%B4%D0%B5%D0%BD%D1%82-%D0%B5-%D0%B4%D1%8A%D0%BB%D0%B1%D0%BE%D0%BA-%D0%BF%D0%BE%D0%BB%D0%B8%D1%82%D0%B8%D1%87%D0%B5%D1%81%D0%BA%D0%B8-%D1%85%D0%BE%D0%B4/
2021-10-24,Nova,На фокус с Лора Крумова,,,https://nova.bg/news/view/2021/10/24/343968/%D0%B8%D0%B2%D0%B0%D0%B9%D0%BB%D0%BE-%D0%B2%D1%8A%D0%BB%D1%87%D0%B5%D0%B2-%D1%89%D0%B5-%D1%82%D1%8A%D1%80%D1%81%D0%B8%D0%BC-%D0%BE%D0%B1%D1%89%D0%B8-%D0%BF%D1%8A%D1%82%D0%B8%D1%89%D0%B0-%D0%BF%D1%80%D0%B8-%D1%81%D0%BB%D0%B5%D0%B4%D0%B2%D0%B0%D1%89%D0%B8%D1%82%D0%B5-%D1%80%D0%B0%D0%B7%D0%B3%D0%BE%D0%B2%D0%BE%D1%80%D0%B8/
2021-10-24,БНТ,Денят започва,,,https://bnt.bg/news/prof-gena-velkovska-kandidat-za-deputat-ot-pp-balgarska-socialdemokraciya-evrolevica-v305902-299591news.html
2021-10-24,БНТ,Денят започва,,,https://bnt.bg/news/ivan-kazakov-kandidat-za-deputat-ot-pp-pryaka-demokraciya-v305906-299591news.html
2021-10-24,БНТ,Денят започва с Георги Любенов,,,https://bnt.bg/news/krasimir-yankov-kandidat-za-naroden-predstavitel-ot-balgarska-progresivna-liniya-v305828-299562news.html
2021-10-24,БНТ,Денят започва с Георги Любенов,,,https://bnt.bg/news/aleksandar-simov-kandidat-za-naroden-predstavitel-ot-bsp-za-balgariya-v305827-299562news.html
2021-10-24,БНТ,Денят започва с Георги Любенов,,,https://bnt.bg/news/antoaneta-coneva-kandidat-za-naroden-predstavitel-ot-demokratichna-balgariya-v305829-299562news.html
2021-10-24,bTV,bTV Дебати президентски избори,Луна Йорданова,0 - НЕЗАВИСИМ КАНДИДАТ,https://btvnovinite.bg/predavania/tazi-sabota-i-nedelia/parvi-kandidatprezidentski-debat-volen-sirderov-napusna-luna-beshe-izgonena.html
2021-10-24,bTV,bTV Дебати президентски избори,Волен Сидеров,11 - АТАКА,https://btvnovinite.bg/predavania/tazi-sabota-i-nedelia/parvi-kandidatprezidentski-debat-volen-sirderov-napusna-luna-beshe-izgonena.html
2021-10-24,bTV,bTV Дебати президентски избори,Александър Томов,10 - БЪЛГАРСКА СОЦИАЛДЕМОКРАЦИЯ – ЕВРОЛЕВИЦА,https://btvnovinite.bg/predavania/tazi-sabota-i-nedelia/parvi-kandidatprezidentski-debat-volen-sirderov-napusna-luna-beshe-izgonena.html
2021-10-24,bTV,bTV Дебати президентски избори,Николай Малинов,2 - РУСОФИЛИ ЗА ВЪЗРАЖДАНЕ НА ОТЕЧЕСТВОТО,https://btvnovinite.bg/predavania/tazi-sabota-i-nedelia/parvi-kandidatprezidentski-debat-volen-sirderov-napusna-luna-beshe-izgonena.html
2021-10-25,Nova,Твоят ден,,,https://nova.bg/news/view/2021/10/25/344021/%D0%B0%D0%BB%D0%B3%D0%B0%D1%84%D0%B0%D1%80%D0%B8-%D0%B3%D0%B5%D1%80%D0%B1-%D1%89%D0%B5-%D0%B4%D0%B0%D0%B4%D0%B5-%D0%B2%D1%8A%D0%B7%D0%BC%D0%BE%D0%B6%D0%BD%D0%BE%D1%81%D1%82-%D0%BD%D0%B0-%D0%BF%D1%80%D0%BE%D1%84-%D0%B3%D0%B5%D1%80%D0%B4%D0%B6%D0%B8%D0%BA%D0%BE%D0%B2-%D0%B4%D0%B0-%D1%81%D1%82%D0%B8%D0%B3%D0%BD%D0%B5-%D0%B4%D0%BE-%D0%B1%D0%B0%D0%BB%D0%BE%D1%82%D0%B0%D0%B6/
2021-10-25,Nova,Твоят ден,,,https://nova.bg/news/view/2021/10/25/344018/%D0%BD%D0%B0%D0%B4%D0%B5%D0%B6%D0%B4%D0%B0-%D0%B9%D0%BE%D1%80%D0%B4%D0%B0%D0%BD%D0%BE%D0%B2%D0%B0-%D0%B4%D0%B1-%D0%BD%D0%B5-%D0%B5-%D0%B2%D1%80%D0%B5%D0%BC%D0%B5-%D0%B7%D0%B0-%D0%BE%D1%81%D1%82%D0%B0%D0%B2%D0%BA%D0%B8-%D0%B0-%D0%B7%D0%B0-%D0%BF%D0%BE%D0%B5%D0%BC%D0%B0%D0%BD%D0%B5-%D0%BD%D0%B0-%D0%BF%D0%BE%D0%BB%D0%B8%D1%82%D0%B8%D1%87%D0%B5%D1%81%D0%BA%D0%B0-%D0%BE%D1%82%D0%B3%D0%BE%D0%B2%D0%BE%D1%80%D0%BD%D0%BE%D1%81%D1%82/
2021-10-25,БНТ,Още от деня,,,https://bnt.bg/news/hristo-dunchev-kandidat-za-naroden-predstavitel-ot-pp-partiya-na-zelenite-v305951-299591news.html
2021-10-25,БНТ,Още от деня,,,https://bnt.bg/news/valeri-simeonov-i-cvetan-manchev-kandidati-za-prezident-i-viceprezident-izdignati-ot-patriotichen-front-v305953-299592news.html
2021-10-25,БНТ,Денят започва,,,https://bnt.bg/news/ivan-kazakov-kandidat-za-deputat-ot-pp-pryaka-demokraciya-v305906-299591news.html
2021-10-25,БНТ,Кандидатите,Георги Георгиев,22 - БЪЛГАРСКО НАЦИОНАЛНО ОБЕДИНЕНИЕ,https://bnt.bg/news/georgi-georgiev-kandidat-za-prezident-ot-pp-balgarsko-nacionalno-obedinenie-v305963-299592news.html
2021-10-25,bTV,Тази сутрин,,,https://btvnovinite.bg/predavania/tazi-sutrin/anastas-gerdzhikov-ako-bada-izbran-za-prezident-shte-sastavim-pravitelstvo.html
2021-10-25,БНТ,БНТ Дебати парламентарни избори,Александър Сиди,21 -  ВМРО-БНД,https://bnt.bg/news/disput-s-uchastieto-aleksandar-sidi-vmro-bnd-prof-krasimir-stoyanov-pp-pryaka-demokraciya-i-adv-mariya-kolev-pp-pravoto-v305935-299591news.html
2021-10-25,БНТ,БНТ Дебати парламентарни избори,Мария Колева,20 - ПРАВОТО,https://bnt.bg/news/disput-s-uchastieto-aleksandar-sidi-vmro-bnd-prof-krasimir-stoyanov-pp-pryaka-demokraciya-i-adv-mariya-kolev-pp-pravoto-v305935-299591news.html
2021-10-25,БНТ,БНТ Дебати парламентарни избори,Красимир Стоянов,29 - ПРЯКА ДЕМОКРАЦИЯ,https://bnt.bg/news/disput-s-uchastieto-aleksandar-sidi-vmro-bnd-prof-krasimir-stoyanov-pp-pryaka-demokraciya-i-adv-mariya-kolev-pp-pravoto-v305935-299591news.html
2021-10-25,БНТ,БНТ Дебати парламентарни избори,Росен Миленов,0 - НЕЗАВИСИМ КАНДИДАТ,https://bnt.bg/news/debatat-za-balgariya-v305964-299592news.html
2021-10-25,БНТ,БНТ Дебати парламентарни избори,Жельо Желев,13 - ОБЩЕСТВО ЗА НОВА БЪЛГАРИЯ“,https://bnt.bg/news/debatat-za-balgariya-v305964-299592news.html
2021-10-25,БНТ,БНТ Дебати парламентарни избори,Луна Йорданова,0 - НЕЗАВИСИМ КАНДИДАТ,https://bnt.bg/news/debatat-za-balgariya-v305964-299592news.html
2021-10-25,БНТ,БНТ Дебати парламентарни избори,Боян Расате,0 - НЕЗАВИСИМ КАНДИДАТ,https://bnt.bg/news/debatat-za-balgariya-v305964-299592news.html
2021-10-25,БНТ,БНТ Дебати парламентарни избори,Волен Сидеров,11 - АТАКА,https://bnt.bg/news/disput-s-nikolai-malinov-ot-pp-rusofili-za-vazrazhdane-na-otechestvoto-i-volen-siderov-ot-pp-ataka-v305722-299522news.html
2021-10-25,БНТ,БНТ Дебати парламентарни избори,Николай Малинов,2 - РУСОФИЛИ ЗА ВЪЗРАЖДАНЕ НА ОТЕЧЕСТВОТО,https://bnt.bg/news/disput-s-nikolai-malinov-ot-pp-rusofili-za-vazrazhdane-na-otechestvoto-i-volen-siderov-ot-pp-ataka-v305722-299522news.html
2021-10-26,БНТ,Референдум,,,https://bnt.bg/news/vodachi-na-listi-ot-politicheskite-partii-i-koalicii-predstavyat-svoite-idei-i-prioriteti-299615news.html
2021-10-26,БНТ,Кандидатите,Йоло Денев,0 - НЕЗАВИСИМ КАНДИДАТ,https://bnt.bg/news/yolo-denev-kandidat-za-prezident-izdignat-ot-iniciativen-komitet-v306048-299637news.html
2021-10-26,БНТ,Още от деня,Александър Томов,10 - БЪЛГАРСКА СОЦИАЛДЕМОКРАЦИЯ – ЕВРОЛЕВИЦА,https://bnt.bg/news/oshte-ot-denya-aleksandar-tomov-kandidat-za-prezident-ot-pp-balgarska-socialdemokraciya-evrolevica-v306039-299637news.html
2021-10-26,БНТ,Денят започва,Стефан Тафров,30 - ДЕМОКРАТИЧНА БЪЛГАРИЯ – ОБЕДИНЕНИЕ,https://bnt.bg/news/stefan-tafrov-kandidat-za-deputat-ot-kp-demokratichna-balgariya-obedinenie-v305986-299636news.html
2021-10-26,БНТ,Денят започва,Ирена Анастасова,33 - БСП ЗА БЪЛГАРИЯ,https://bnt.bg/news/irena-anastasova-kandidat-za-deputat-ot-kp-bsp-za-balgariya-v305985-299636news.html
2021-10-26,БНТ,Още от деня,Халил Летифов,17 - ДПС,https://bnt.bg/news/oshte-ot-denya-halil-letifov-zam-predsedatel-na-dps-i-vodach-na-listata-v-stara-zagora-v306038-299636news.html
2021-10-26,БНТ,Денят започва,Валери Симеонов,4 - КП ПАТРИОТИЧЕН ФРОНТ – НФСБ и БДС РАДИКАЛИ и БНДС ЦЕЛОКУПНА БЪЛГАРИЯ,https://bnt.bg/news/valeri-simeonov-kandidat-za-prezident-ot-kp-patriotichen-front-v305987-299637news.html
2021-10-26,Nova,Твоят ден,Цвета Кирилова,0 - НЕЗАВИСИМ КАНДИДАТ,https://nova.bg/news/view/2021/10/26/344132/%D1%86%D0%B2%D0%B5%D1%82%D0%B0-%D0%BA%D0%B8%D1%80%D0%B8%D0%BB%D0%BE%D0%B2%D0%B0-%D0%B7%D0%B4%D1%80%D0%B0%D0%B2%D0%BD%D0%B0%D1%82%D0%B0-%D1%81%D0%B8%D1%82%D1%83%D0%B0%D1%86%D0%B8%D1%8F-%D0%B1%D0%B5%D1%88%D0%B5-%D0%BF%D0%BE%D0%B4%D1%86%D0%B5%D0%BD%D1%8F%D0%B2%D0%B0%D0%BD%D0%B0-%D1%81-%D1%86%D0%B5%D0%BB-%D1%83%D0%B4%D0%B0%D1%80-%D0%BF%D0%BE-%D0%B8%D0%BD%D1%81%D1%82%D0%B8%D1%82%D1%83%D1%86%D0%B8%D0%B8%D1%82%D0%B5/
2021-10-26,Nova,NOVA Дебати парламентарни избори,Кирил Петков,25 - ПРОДЪЛЖАВАМЕ ПРОМЯНАТА,https://nova.bg/news/view/2021/10/27/344252/%D0%BF%D1%80%D0%B5%D0%B4%D0%B8%D0%B7%D0%B1%D0%BE%D1%80%D0%B5%D0%BD-%D0%B4%D0%B5%D0%B1%D0%B0%D1%82-%D0%BE%D0%B3%D1%80%D0%B0%D0%BD%D0%B8%D1%87%D0%B8%D1%82%D0%B5%D0%BB%D0%BD%D0%B8%D1%82%D0%B5-%D0%BC%D0%B5%D1%80%D0%BA%D0%B8-%D0%B8-%D0%BF%D0%B0%D1%80%D0%B8%D1%82%D0%B5-%D0%BD%D0%B0-%D0%B4%D1%8A%D1%80%D0%B6%D0%B0%D0%B2%D0%B0%D1%82%D0%B0/
2021-10-26,Nova,NOVA Дебати парламентарни избори,Драгомир Стойнев,33 - БСП ЗА БЪЛГАРИЯ,https://nova.bg/news/view/2021/10/27/344252/%D0%BF%D1%80%D0%B5%D0%B4%D0%B8%D0%B7%D0%B1%D0%BE%D1%80%D0%B5%D0%BD-%D0%B4%D0%B5%D0%B1%D0%B0%D1%82-%D0%BE%D0%B3%D1%80%D0%B0%D0%BD%D0%B8%D1%87%D0%B8%D1%82%D0%B5%D0%BB%D0%BD%D0%B8%D1%82%D0%B5-%D0%BC%D0%B5%D1%80%D0%BA%D0%B8-%D0%B8-%D0%BF%D0%B0%D1%80%D0%B8%D1%82%D0%B5-%D0%BD%D0%B0-%D0%B4%D1%8A%D1%80%D0%B6%D0%B0%D0%B2%D0%B0%D1%82%D0%B0/
2021-10-26,Nova,NOVA Дебати парламентарни избори,Мартин Димитров,30 - ДЕМОКРАТИЧНА БЪЛГАРИЯ – ОБЕДИНЕНИЕ,https://nova.bg/news/view/2021/10/27/344252/%D0%BF%D1%80%D0%B5%D0%B4%D0%B8%D0%B7%D0%B1%D0%BE%D1%80%D0%B5%D0%BD-%D0%B4%D0%B5%D0%B1%D0%B0%D1%82-%D0%BE%D0%B3%D1%80%D0%B0%D0%BD%D0%B8%D1%87%D0%B8%D1%82%D0%B5%D0%BB%D0%BD%D0%B8%D1%82%D0%B5-%D0%BC%D0%B5%D1%80%D0%BA%D0%B8-%D0%B8-%D0%BF%D0%B0%D1%80%D0%B8%D1%82%D0%B5-%D0%BD%D0%B0-%D0%B4%D1%8A%D1%80%D0%B6%D0%B0%D0%B2%D0%B0%D1%82%D0%B0/
2021-10-27,БНТ,Денят започва,Горан Благоев,7 - НАЦИОНАЛНО ОБЕДИНЕНИЕ НА ДЕСНИЦАТА,https://bnt.bg/news/goran-blagoev-i-d-r-ivelina-georgieva-kandidati-za-prezident-i-viceprezident-na-nacionalno-obedinenie-na-desnicata-v306070-299682news.html
2021-10-27,БНТ,Денят започва,Красимир Стоянов,29 - ПРЯКА ДЕМОКРАЦИЯ,https://bnt.bg/news/krasimir-stoyanov-kandidat-za-naroden-predstavitel-ot-pp-pryaka-demokraciya-v306068-299681news.html
2021-10-27,Nova,Твоят ден,Пламен Данаилов,24 - ИТН,https://nova.bg/news/view/2021/10/27/344269/%D0%BF%D0%BB%D0%B0%D0%BC%D0%B5%D0%BD-%D0%B4%D0%B0%D0%BD%D0%B0%D0%B8%D0%BB%D0%BE%D0%B2-%D0%B7%D0%B5%D0%BB%D0%B5%D0%BD%D0%B8%D1%8F%D1%82-%D1%81%D0%B5%D1%80%D1%82%D0%B8%D1%84%D0%B8%D0%BA%D0%B0%D1%82-%D0%B5-%D1%87%D0%B0%D1%81%D1%82%D0%B8%D1%87%D0%B5%D0%BD-%D0%BB%D0%BE%D0%BA%D0%B4%D0%B0%D1%83%D0%BD/
2021-10-27,БНТ,Денят започва,Лало Кирилов,34 - ПП БЪЛГАРСКА ПРОГРЕСИВНА ЛИНИЯ,https://bnt.bg/news/lalo-kirilov-kandidat-za-naroden-predstavitel-ot-balgarska-progresivna-liniya-v306069-299681news.html
2021-10-27,bTV,Лице в лице,Красимир Каракачанов,21 -  ВМРО-БНД,https://btvnovinite.bg/predavania/lice-v-lice/karakachanov-aktovete-na-petkov-kato-sluzheben-ministar-sa-nezakonni.html
2021-10-27,bTV,Тази сутрин,Валери Симеонов,4 - КП ПАТРИОТИЧЕН ФРОНТ – НФСБ и БДС РАДИКАЛИ и БНДС ЦЕЛОКУПНА БЪЛГАРИЯ,https://btvnovinite.bg/predavania/tazi-sutrin/valeri-simeonov-mjarkata-za-zelen-sertifikat-e-pravilna.html
2021-10-27,БНТ,БНТ Дебати парламентарни избори,Цветозар Захариев,13 - ОБЩЕСТВО ЗА НОВА БЪЛГАРИЯ“,https://bnt.bg/news/disput-s-uchastieto-na-cvetozar-zahariev-ot-pp-obshtestvo-za-nova-balgariya-bonka-vasileva-ot-kp-demokratichna-balgariya-anton-v306096-299681news.html
2021-10-27,БНТ,БНТ Дебати парламентарни избори,Бонка Василева,30 - ДЕМОКРАТИЧНА БЪЛГАРИЯ – ОБЕДИНЕНИЕ,https://bnt.bg/news/disput-s-uchastieto-na-cvetozar-zahariev-ot-pp-obshtestvo-za-nova-balgariya-bonka-vasileva-ot-kp-demokratichna-balgariya-anton-v306096-299681news.html
2021-10-27,БНТ,БНТ Дебати парламентарни избори,Антон Лашев,27 - БЛАГОДЕНСТВИЕ – ОБЕДИНЕНИЕ – ГРАДИВНОСТ,https://bnt.bg/news/disput-s-uchastieto-na-cvetozar-zahariev-ot-pp-obshtestvo-za-nova-balgariya-bonka-vasileva-ot-kp-demokratichna-balgariya-anton-v306096-299681news.html
2021-10-27,БНТ,Още от деня,Симеон Славчев,26 - МИР,https://bnt.bg/news/simeon-slavchev-kandidat-za-naroden-predstavitel-ot-pp-mir-v306115-299681news.html
2021-10-27,БНТ,Още от деня,Мария Колева,20 - ПРАВОТО,https://bnt.bg/news/mariya-koleva-kandidat-za-prezident-ot-pp-pravoto-v306116-299682news.html
2021-10-27,БНТ,Още от деня,Цвета Кирилова,0 - НЕЗАВИСИМ КАНДИДАТ,https://bnt.bg/news/cveta-kirilova-i-georgi-tutanov-kandidati-za-prezident-i-viceprezident-izdignati-ot-iniciativen-komitet-v306117-299682news.html
2021-10-27,БНТ,Кандидатите,Милен Михов,21 -  ВМРО-БНД,https://bnt.bg/news/doc-milen-mihov-i-mariya-cvetkova-kandidati-za-prezident-i-viceprezident-na-pp-vmro-balgarsko-nacionalno-dvizhenie-v306127-299682news.html
2021-10-28,bTV,Тази сутрин,Никола Вапцаров,31 - ИЗПРАВИ СЕ БГ! НИЕ ИДВАМЕ!,https://btvnovinite.bg/predavania/tazi-sutrin/kandidat-deputati-ot-grazhdanskite-kvoti-nikola-vapcarov-ot-ibgni.html
2021-10-28,БНТ,Денят започва,Красимир Каракачанов,21 -  ВМРО-БНД,https://bnt.bg/news/krasimir-karakachanov-kandidat-za-naroden-predstavitel-na-vmro-balgarsko-nacionalno-dvizhenie-v306144-299719news.html
2021-10-28,БНТ,Денят започва,Петър Клисаров,29 - ПРЯКА ДЕМОКРАЦИЯ,https://bnt.bg/news/petar-klisarov-kandidat-za-naroden-predstavitel-na-pp-pryaka-demokraciya-v306145-299719news.html
2021-10-28,БНТ,БНТ Дебати парламентарни избори,Костадин Костадинов,5 - ВЪЗРАЖДАНЕ,https://bnt.bg/news/disput-ot-predizbornata-kampaniya-za-predstoyashtite-predsrochni-parlamentarni-izbori-v306185-299719news.html
2021-10-28,БНТ,БНТ Дебати парламентарни избори,Даниел Георгиев,31 - ИЗПРАВИ СЕ БГ! НИЕ ИДВАМЕ!,https://bnt.bg/news/disput-ot-predizbornata-kampaniya-za-predstoyashtite-predsrochni-parlamentarni-izbori-v306185-299719news.html
2021-10-28,БНТ,Още от деня,Методи Бъчваров,22 - БЪЛГАРСКО НАЦИОНАЛНО ОБЕДИНЕНИЕ,https://bnt.bg/news/metodi-bachvarov-kandidat-za-naroden-predstavitel-ot-bno-v306200-299719news.html
2021-10-28,БНТ,Денят започва,Росен Миленов,0 - НЕЗАВИСИМ КАНДИДАТ,https://bnt.bg/news/rosen-milenov-kandidat-za-prezident-i-ivan-ivanov-kandidat-za-viceprezident-izdignati-ot-iniciativen-komitet-v306218-299718news.html
2021-10-28,БНТ,Още от деня,Боян Расате,0 - НЕЗАВИСИМ КАНДИДАТ,https://bnt.bg/news/boyan-rasate-kandidat-za-prezident-izdignat-ot-iniciativet-komitet-v306201-299718news.html
2021-10-28,БНТ,Кандидатите,Росен Миленов,0 - НЕЗАВИСИМ КАНДИДАТ,https://bnt.bg/news/rosen-milenov-kandidat-za-prezident-i-ivan-ivanov-kandidat-za-viceprezident-izdignati-ot-iniciativen-komitet-v306218-299718news.html
2021-10-28,БНТ,Кандидатите,Иван Иванов,0 - НЕЗАВИСИМ КАНДИДАТ,https://bnt.bg/news/rosen-milenov-kandidat-za-prezident-i-ivan-ivanov-kandidat-za-viceprezident-izdignati-ot-iniciativen-komitet-v306218-299718news.html
2021-10-28,bTV,Лице в лице,Асен Василев,25 - ПРОДЪЛЖАВАМЕ ПРОМЯНАТА,https://btvnovinite.bg/predavania/lice-v-lice/novite-izbori-sblasak-mezhdu-asen-vasilev-i-ljubomir-karimanski.html
2021-10-28,bTV,Лице в лице,Любомир Каримански,24 - ИТН,https://btvnovinite.bg/predavania/lice-v-lice/novite-izbori-sblasak-mezhdu-asen-vasilev-i-ljubomir-karimanski.html
2021-10-28,Nova,Денят на живо,Асен Балтов,32 - ГЕРБ-СДС,https://nova.bg/news/view/2021/10/28/344475/%D0%BF%D1%80%D0%BE%D1%84-%D0%B1%D0%B0%D0%BB%D1%82%D0%BE%D0%B2-%D0%B4%D0%BE%D0%B1%D1%80%D0%B5-%D0%B5-%D0%B4%D0%B0-%D0%B8%D0%BC%D0%B0-%D1%81%D0%B5%D1%80%D1%82%D0%B8%D1%84%D0%B8%D0%BA%D0%B0%D1%82-%D0%B8-%D0%B7%D0%B0-%D0%B4%D0%B5%D0%BF%D1%83%D1%82%D0%B0%D1%82%D0%B8%D1%82%D0%B5-%D0%B2%D0%B8%D0%B4%D0%B5%D0%BE/
2021-10-29,БНТ,Денят започва,Адриан Филипов,34 - ПП БЪЛГАРСКА ПРОГРЕСИВНА ЛИНИЯ,https://bnt.bg/news/adrian-filipov-kandidat-za-naroden-predstavitel-ot-balgarska-progresivna-liniya-v306239-299786news.html
2021-10-29,БНТ,Денят започва,Петър Маринов,30 - ДЕМОКРАТИЧНА БЪЛГАРИЯ – ОБЕДИНЕНИЕ,https://bnt.bg/news/petar-marinov-kandidat-za-naroden-predstavitel-ot-demokratichna-balgariya-v306257-299786news.html
2021-10-29,БНТ,Още от деня,Волен Сидеров,11 - АТАКА,https://bnt.bg/news/volen-siderov-kandidat-za-naroden-predstavitel-ot-pp-ataka-v306290-299786news.html
2021-10-29,БНТ,Денят започва,Лозан Панов,0 - НЕЗАВИСИМ КАНДИДАТ,https://bnt.bg/news/lozan-panov-kandidat-za-prezident-izdignat-ot-iniciativen-komitet-v306241-299787news.html
2021-10-29,БНТ,Панорама,Николай Малинов,2 - РУСОФИЛИ ЗА ВЪЗРАЖДАНЕ НА ОТЕЧЕСТВОТО,https://bnt.bg/news/panorama-29102021-299747news.html
2021-10-29,БНТ,Панорама,Красимир Янков,34 - ПП БЪЛГАРСКА ПРОГРЕСИВНА ЛИНИЯ,https://bnt.bg/news/panorama-29102021-299747news.html
2021-10-29,БНТ,Панорама,Мирослав Паскалев,22 - БЪЛГАРСКО НАЦИОНАЛНО ОБЕДИНЕНИЕ,https://bnt.bg/news/panorama-29102021-299747news.html
2021-10-29,БНТ,Панорама,Маргарит Мицев,13 - ОБЩЕСТВО ЗА НОВА БЪЛГАРИЯ“,https://bnt.bg/news/panorama-29102021-299747news.html
2021-10-29,БНТ,Панорама,Иван Габеров,27 - БЛАГОДЕНСТВИЕ – ОБЕДИНЕНИЕ – ГРАДИВНОСТ,https://bnt.bg/news/panorama-29102021-299747news.html
2021-10-29,БНТ,БНТ Дебати президентски избори,Георги Георгиев,22 - БЪЛГАРСКО НАЦИОНАЛНО ОБЕДИНЕНИЕ,https://bnt.bg/news/disput-s-uchastieto-na-georgi-georgiev-kandidat-za-prezident-balgarsko-nacionalno-obedinenie%C2%A0yolo-denev-kandidat-za-prezi-v306274-299787news.html
2021-10-29,БНТ,БНТ Дебати президентски избори,Йоло Денев,0 - НЕЗАВИСИМ КАНДИДАТ,https://bnt.bg/news/disput-s-uchastieto-na-georgi-georgiev-kandidat-za-prezident-balgarsko-nacionalno-obedinenie%C2%A0yolo-denev-kandidat-za-prezi-v306274-299787news.html
2021-10-29,БНТ,БНТ Дебати президентски избори,Росен Миленов,0 - НЕЗАВИСИМ КАНДИДАТ,https://bnt.bg/news/disput-s-uchastieto-na-georgi-georgiev-kandidat-za-prezident-balgarsko-nacionalno-obedinenie%C2%A0yolo-denev-kandidat-za-prezi-v306274-299787news.html
2021-10-29,БНТ,БНТ Дебати президентски избори,Калин Крулев,13 - ОБЩЕСТВО ЗА НОВА БЪЛГАРИЯ“,https://bnt.bg/news/disput-s-uchastieto-na-georgi-georgiev-kandidat-za-prezident-balgarsko-nacionalno-obedinenie%C2%A0yolo-denev-kandidat-za-prezi-v306274-299787news.html
2021-10-29,БНТ,Още от деня,Анастас Герджиков,0 - НЕЗАВИСИМ КАНДИДАТ,https://bnt.bg/news/prof-anastas-gerjikov-kandidat-za-prezident-izdignat-ot-ik-v306289-299787news.html
2021-10-29,БНТ,Още от деня,Луна Йорданова,0 - НЕЗАВИСИМ КАНДИДАТ,https://bnt.bg/news/luna-yordanova-kandidat-za-prezident-izdignata-ot-ik-v306291-299787news.html
2021-10-29,БНТ,Кандидатите,Жельо Желев,13 - ОБЩЕСТВО ЗА НОВА БЪЛГАРИЯ“,https://bnt.bg/news/zhelyo-zhelev-kandidat-za-prezident-izdignat-ot-pp-obshtestvo-za-nova-balgariya-v306304-299787news.html
2021-10-30,БНТ,Денят започва с Георги Любенов,Магдалена Ташева,11 - АТАКА,https://bnt.bg/news/magdalena-tasheva-kandidat-za-naroden-predstavitel-ot-pp-ataka-v306313-299820news.html
2021-10-30,БНТ,Денят започва с Георги Любенов,Стоян Мирчев,33 - БСП ЗА БЪЛГАРИЯ,https://bnt.bg/news/stoyan-mirchev-kandidat-za-naroden-predstavitel-ot-kp-bsp-za-balgariya-v306314-299820news.html
2021-10-30,БНТ,Денят започва с Георги Любенов,Ангел Джамбазки,21 -  ВМРО-БНД,https://bnt.bg/news/angel-jambazki-kandidat-za-naroden-predstavitel-ot-pp-vmro-balgarsko-nacionalno-dvizhenie-v306315-299820news.html
2021-10-29,bTV,Тази сутрин,Цвета Кирилова,0 - НЕЗАВИСИМ КАНДИДАТ,https://btvnovinite.bg/predavania/tazi-sutrin/cveta-kirilova-prezidentat-iska-da-prevarne-darzhavata-ni-v-prezidentska-republika.html
2021-10-29,bTV,Лице в лице,Костадин Костадинов,5 - ВЪЗРАЖДАНЕ,https://btvnovinite.bg/predavania/lice-v-lice/pandemijata-i-merkite-sreshtu-covid-19-prez-pogleda-na-kostadin-kostadinov.html
2021-10-30,bTV,Тази събота и неделя,Невяна Митева,0 - НЕЗАВИСИМ КАНДИДАТ,https://btvnovinite.bg/predavania/tazi-sabota-i-nedelia/lichno-intervju-kandidatat-za-viceprezident-nevjana-miteva.html
2021-10-29,bTV,Лице в лице,Атанас Атанасов,30 - ДЕМОКРАТИЧНА БЪЛГАРИЯ – ОБЕДИНЕНИЕ,https://www.btv.bg/video/shows/lice-v-lice/videos/atanas-atanasov-uzhasen-sam-ot-nachina-po-kojto-se-kupuva-vot.html
2021-10-30,bTV,Тази събота и неделя,Таня Андреева,30 - ДЕМОКРАТИЧНА БЪЛГАРИЯ – ОБЕДИНЕНИЕ,https://btvnovinite.bg/predavania/tazi-sabota-i-nedelia/lichno-intervju-kandidat-deputatat-ot-demokratichna-balgarija-d-r-tanja-andreeva.html
2021-10-30,Nova,Събуди се,Лозан Панов,0 - НЕЗАВИСИМ КАНДИДАТ,https://nova.bg/news/view/2021/10/30/344645/%D0%BA%D0%B0%D0%BA-%D0%BF%D0%B0%D0%BD%D0%BE%D0%B2-%D0%B8-%D0%BC%D0%BE%D0%B0%D1%81%D0%B5-%D0%BE%D0%BF%D1%80%D0%B5%D0%B4%D0%B5%D0%BB%D1%8F%D1%82-%D0%BE%D0%BF%D0%BE%D0%BD%D0%B5%D0%BD%D1%82%D0%B8%D1%82%D0%B5-%D1%81%D0%B8/
2021-10-30,Nova,Събуди се,Мария Касимова-Моасе,0 - НЕЗАВИСИМ КАНДИДАТ,https://nova.bg/news/view/2021/10/30/344645/%D0%BA%D0%B0%D0%BA-%D0%BF%D0%B0%D0%BD%D0%BE%D0%B2-%D0%B8-%D0%BC%D0%BE%D0%B0%D1%81%D0%B5-%D0%BE%D0%BF%D1%80%D0%B5%D0%B4%D0%B5%D0%BB%D1%8F%D1%82-%D0%BE%D0%BF%D0%BE%D0%BD%D0%B5%D0%BD%D1%82%D0%B8%D1%82%D0%B5-%D1%81%D0%B8/
2021-10-29,Nova,Твоят ден,Валери Симеонов,4 - КП ПАТРИОТИЧЕН ФРОНТ – НФСБ и БДС РАДИКАЛИ и БНДС ЦЕЛОКУПНА БЪЛГАРИЯ,https://nova.bg/news/view/2021/10/29/344538/%D0%B2%D0%B0%D0%BB%D0%B5%D1%80%D0%B8-%D1%81%D0%B8%D0%BC%D0%B5%D0%BE%D0%BD%D0%BE%D0%B2-%D1%80%D1%83%D1%81%D0%B8%D1%8F-%D0%BE%D1%80%D0%B3%D0%B0%D0%BD%D0%B8%D0%B7%D0%B8%D1%80%D0%B0-%D1%85%D0%B8%D0%B1%D1%80%D0%B8%D0%B4%D0%BD%D0%B0-%D0%B2%D0%BE%D0%B9%D0%BD%D0%B0-%D0%B2-%D0%B1%D1%8A%D0%BB%D0%B3%D0%B0%D1%80%D0%B8%D1%8F/
2021-10-29,Nova,Твоят ден,Радомир Чолаков,32 - ГЕРБ-СДС,https://nova.bg/news/view/2021/10/29/344549/%D1%87%D0%BE%D0%BB%D0%B0%D0%BA%D0%BE%D0%B2-%D0%BD%D0%B5%D0%BB%D0%B5%D0%BF%D0%B8-%D1%81%D0%B0-%D0%BE%D0%B1%D0%B2%D0%B8%D0%BD%D0%B5%D0%BD%D0%B8%D1%8F%D1%82%D0%B0-%D0%B7%D0%B0-%D0%BE%D1%82%D0%BA%D1%80%D0%B0%D0%B4%D0%BD%D0%B0%D1%82%D0%B8-8-%D0%BC%D0%B8%D0%BB%D0%B8%D0%B0%D1%80%D0%B4%D0%B0-%D0%BB%D0%B5%D0%B2%D0%B0-%D0%BE%D1%82-%D1%85%D0%B0%D0%B7%D0%BD%D0%B0%D1%82%D0%B0/
2021-10-29,Nova,Денят на живо,Галентин Грозев,30 - ДЕМОКРАТИЧНА БЪЛГАРИЯ – ОБЕДИНЕНИЕ,https://nova.bg/news/view/2021/10/29/344606/%D0%B3%D0%B0%D0%BB%D0%B5%D0%BD%D1%82%D0%B8%D0%BD-%D0%B3%D1%80%D0%BE%D0%B7%D0%B5%D0%B2-%D0%BD%D1%8F%D0%BC%D0%B0-%D0%B4%D0%B0-%D0%B5-%D0%B8%D0%B7%D0%BD%D0%B5%D0%BD%D0%B0%D0%B4%D0%B0-%D0%B0%D0%BA%D0%BE-%D0%B8-%D0%BF%D0%BE%D0%BB%D0%B8%D1%86%D0%B0%D0%B8%D1%82%D0%B5-%D0%B8%D0%B7%D0%BB%D1%8F%D0%B7%D0%B0%D1%82-%D0%BD%D0%B0-%D0%BF%D1%80%D0%BE%D1%82%D0%B5%D1%81%D1%82-%D1%81%D1%80%D0%B5%D1%89%D1%83-%D0%B2%D0%B0%D0%BA%D1%81%D0%B8%D0%BD%D0%B0%D1%86%D0%B8%D1%8F/
2021-10-29,Nova,Денят на живо,Милко Багдасаров,33 - БСП ЗА БЪЛГАРИЯ,https://nova.bg/news/view/2021/10/29/344609/%D1%83%D1%87%D0%B8%D1%82%D0%B5%D0%BB%D0%B8-%D0%BF%D1%80%D0%B5%D0%B4%D0%BB%D0%B0%D0%B3%D0%B0%D1%82-%D0%B4%D0%B0-%D0%BD%D0%B5-%D1%81%D0%B5-%D0%B1%D1%8A%D1%80%D0%B7%D0%B0-%D1%81-%D1%82%D0%B5%D1%81%D1%82%D0%BE%D0%B2%D0%B5%D1%82%D0%B5-%D0%B2-%D1%83%D1%87%D0%B8%D0%BB%D0%B8%D1%89%D0%B5-%D0%BF%D1%80%D0%B5%D0%B4%D0%B8-%D0%B4%D0%B0-%D0%B2-%D1%8F%D1%81%D0%B5%D0%BD-%D0%BC%D0%B5%D1%85%D0%B0%D0%BD%D0%B8%D0%B7%D0%BC%D1%8A%D1%82-%D0%B7%D0%B0-%D0%BF%D1%80%D0%B8%D0%BB%D0%B0%D0%B3%D0%B0%D0%BD%D0%B5%D1%82%D0%BE-%D0%B8%D0%BC/
2021-10-30,Nova,Събуди се,Ива Митева,24 - ИТН,https://nova.bg/news/view/2021/10/30/344652/%D0%B8%D0%B2%D0%B0-%D0%BC%D0%B8%D1%82%D0%B5%D0%B2%D0%B0-%D0%B0%D0%BA%D0%BE-%D0%BE%D1%82%D0%BD%D0%BE%D0%B2%D0%BE-%D0%BD%D0%B5-%D1%81%D1%8A%D1%81%D1%82%D0%B0%D0%B2%D0%B8%D0%BC-%D0%BF%D1%80%D0%B0%D0%B2%D0%B8%D1%82%D0%B5%D0%BB%D1%81%D1%82%D0%B2%D0%BE-%D0%BD%D1%8F%D0%BC%D0%B0-%D1%81%D0%BC%D0%B8%D1%81%D1%8A%D0%BB-%D0%B4%D0%B0-%D1%83%D1%87%D0%B0%D1%81%D1%82%D0%B2%D0%B0%D0%BC-%D0%B2-%D0%BF%D0%BE%D0%BB%D0%B8%D1%82%D0%B8%D0%BA%D0%B0%D1%82%D0%B0/
2021-10-30,БНТ,Денят започва с Георги Любенов,Росен Миленов,0 - НЕЗАВИСИМ КАНДИДАТ,https://bnt.bg/news/rosen-milenov-kandidat-za-prezident-izdignat-ot-iniciativen-komitet-v306311-299819news.html
2021-10-30,БНТ,Денят започва с Георги Любенов,Александър Томов,10 - БЪЛГАРСКА СОЦИАЛДЕМОКРАЦИЯ – ЕВРОЛЕВИЦА,https://bnt.bg/news/prof-aleksandar-tomov-kandidat-za-prezident-izdignat-ot-pp-balgarska-socialdemokraciya-evrolevica-v306312-299819news.html
2021-10-30,Nova,Офанзива,Анастас Герджиков,0 - НЕЗАВИСИМ КАНДИДАТ,https://nova.bg/news/view/2021/10/30/344697/%D0%BF%D1%80%D0%BE%D1%84-%D0%B3%D0%B5%D1%80%D0%B4%D0%B6%D0%B8%D0%BA%D0%BE%D0%B2-%D0%BD%D0%B5-%D1%81%D1%8A%D0%BC-%D0%BD%D0%B5%D1%80%D0%B5%D1%88%D0%B8%D1%82%D0%B5%D0%BB%D0%B5%D0%BD-%D1%87%D0%BE%D0%B2%D0%B5%D0%BA-%D0%BD%D0%BE-%D0%BD%D0%B5-%D1%80%D0%B0%D0%B7%D0%BC%D0%B0%D1%85%D0%B2%D0%B0%D0%BC-%D1%8E%D0%BC%D1%80%D1%83%D0%BA-%D0%B0-%D0%BF%D1%80%D0%BE%D1%82%D1%8F%D0%B3%D0%B0%D0%BC-%D1%80%D1%8A%D0%BA%D0%B0/
2021-10-30,БНТ,Говори сега,Николай Хаджигенов,31 - ИЗПРАВИ СЕ БГ! НИЕ ИДВАМЕ!,https://bnt.bg/news/nikolai-hajigenov-kandidat-za-naroden-predstavitel-ot-izpravi-se-bg-nie-idvame-v306353-299820news.html
2021-10-30,БНТ,Говори сега,Иван Велов,30 - ДЕМОКРАТИЧНА БЪЛГАРИЯ – ОБЕДИНЕНИЕ,https://bnt.bg/news/ivan-velov-kandidat-za-naroden-predstavitel-ot-kp-demokratichna-balgariya-obedinenie-zeleno-dvizhenie-v306354-299820news.html
2021-10-30,БНТ,Говори сега,Мария Цветкова,21 -  ВМРО-БНД,https://bnt.bg/news/mariya-cvetkova-kandidat-za-viceprezident-izdignat-ot-pp-vmro-balgarsko-nacionalno-dvizhenie-v306351-299819news.html
2021-10-30,БНТ,Говори сега,Валери Симеонов,4 - КП ПАТРИОТИЧЕН ФРОНТ – НФСБ и БДС РАДИКАЛИ и БНДС ЦЕЛОКУПНА БЪЛГАРИЯ,https://bnt.bg/news/valeri-simeonov-kandidat-za-prezident-na-patriotichen-front-nfsb-bds-radikali-bnds-celokupna-balgariya-v306352-299819news.html
2021-10-30,БНТ,Кандидатите,Луна Йорданова,0 - НЕЗАВИСИМ КАНДИДАТ,https://bnt.bg/news/luna-yordanova-kandidat-za-prezident-izdignat-ot-iniciativen-komitet-v306371-299819news.html
2021-10-31,БНТ,Денят започва с Георги Любенов,Татяна Дончева,31 - ИЗПРАВИ СЕ БГ! НИЕ ИДВАМЕ!,https://bnt.bg/news/tatyana-doncheva-kandidat-za-naroden-predstavitel-ot-kp-izpravi-se-bg-nie-idvame-v306385-299837news.html
2021-10-31,БНТ,Денят започва с Георги Любенов,Волен Сидеров,11 - АТАКА,https://bnt.bg/news/volen-siderov-kandidat-za-naroden-predstavitel-ot-pp-ataka-v306386-299837news.html
2021-10-31,БНТ,Денят започва с Георги Любенов,Владислав Панев,30 - ДЕМОКРАТИЧНА БЪЛГАРИЯ – ОБЕДИНЕНИЕ,https://bnt.bg/news/vladislav-panev-kandidat-za-naroden-predstavitel-ot-kp-demokratichna-balgariya-obedinenie-v306387-299837news.html
2021-10-31,БНТ,Говори сега,Велизар Енчев,33 - БСП ЗА БЪЛГАРИЯ,https://bnt.bg/news/velizar-enchev-kandidat-za-naroden-predstavitel-izdignat-ot-kp-bsp-za-balgariya-v306431-299837news.html
2021-10-31,БНТ,Говори сега,Юлиан Ангелов,21 -  ВМРО-БНД,https://bnt.bg/news/yulian-angelov-kandidat-za-naroden-predstavitel-izdignat-ot-pp-vmro-balgarsko-nacionalno-dvizhenie-v306432-299837news.html
2021-10-31,БНТ,Денят започва с Георги Любенов,Мария Цветкова,21 -  ВМРО-БНД,https://bnt.bg/news/mariya-cvetkova-kandidat-za-viceprezident-izdignat-ot-kp-vmro-balgarsko-nacionalno-dvizhenie-v306383-299836news.html
2021-10-31,БНТ,Денят започва с Георги Любенов,Горан Благоев,7 - НАЦИОНАЛНО ОБЕДИНЕНИЕ НА ДЕСНИЦАТА,https://bnt.bg/news/goran-blagoev-kandidat-za-prezident-izdignat-ot-kp-nacionalno-obedinenie-na-desnicata-v306384-299836news.html
2021-10-31,БНТ,Говори сега,Лозан Панов,0 - НЕЗАВИСИМ КАНДИДАТ,https://bnt.bg/news/lozan-panov-kandidat-za-prezident-izdignat-ot-iniciativen-komitet-v306429-299836news.html
2021-10-31,БНТ,Говори сега,Лъчезар Аврамов,10 - БЪЛГАРСКА СОЦИАЛДЕМОКРАЦИЯ – ЕВРОЛЕВИЦА,https://bnt.bg/news/prof-lachezar-avramov-kandidat-za-viceprezident-izdignat-ot-pp-balgarska-socialdemokraciya-evrolevica-v306430-299836news.html
2021-11-01,БНТ,Денят започва,Деян Николов,5 - ВЪЗРАЖДАНЕ,https://bnt.bg/news/deyan-nikolov-kandidat-za-deputat-ot-pp-vazrazhdane-v306468-299857news.html
2021-11-01,БНТ,Денят започва,Симеон Славчев,26 - МИР,https://bnt.bg/news/simeon-slavchev-kandidat-za-deputat-ot-partiya-mir-v306469-299857news.html
2021-10-31,Nova,На фокус с Лора Крумова,Асен Василев,25 - ПРОДЪЛЖАВАМЕ ПРОМЯНАТА,https://nova.bg/news/view/2021/10/31/344778/%D0%B0%D1%81%D0%B5%D0%BD-%D0%B2%D0%B0%D1%81%D0%B8%D0%BB%D0%B5%D0%B2-%D0%BA%D0%B0%D0%B7%D1%83%D1%81%D1%8A%D1%82-%D1%81-%D0%B3%D1%80%D0%B0%D0%B6%D0%B4%D0%B0%D0%BD%D1%81%D1%82%D0%B2%D0%BE%D1%82%D0%BE-%D0%BD%D0%B0-%D0%BA%D0%B8%D1%80%D0%B8%D0%BB-%D0%BF%D0%B5%D1%82%D0%BA%D0%BE%D0%B2-%D0%B5-%D0%B0%D0%B1%D1%81%D0%BE%D0%BB%D1%8E%D1%82%D0%BD%D0%BE-%D0%B1%D0%B5%D0%B7%D0%BF%D1%80%D0%B5%D0%B4%D0%BC%D0%B5%D1%82%D0%B5%D0%BD/
2021-10-31,Nova,На фокус с Лора Крумова,Корнелия Нинова,33 - БСП ЗА БЪЛГАРИЯ,https://nova.bg/news/view/2021/10/31/344777/%D0%BD%D0%B8%D0%BD%D0%BE%D0%B2%D0%B0-%D0%B8%D1%81%D0%BA%D0%B0%D0%BD%D0%B5%D1%82%D0%BE-%D0%B7%D0%B0-%D0%B8%D0%BC%D0%BF%D0%B8%D0%B9%D1%87%D0%BC%D1%8A%D0%BD%D1%82-%D0%BD%D0%B0-%D1%80%D0%B0%D0%B4%D0%B5%D0%B2-%D0%B5-%D0%BD%D0%B8%D1%82%D0%BE-%D0%BB%D0%BE%D0%B3%D0%B8%D1%87%D0%BD%D0%BE-%D0%BD%D0%B8%D1%82%D0%BE-%D1%81%D1%8A%D0%B4%D1%8A%D1%80%D0%B6%D0%B0%D1%82%D0%B5%D0%BB%D0%BD%D0%BE/
2021-10-30,Nova,Офанзива,Александър Ненков,32 - ГЕРБ-СДС,https://nova.bg/news/view/2021/10/30/344692/%D0%BD%D0%B5%D0%BD%D0%BA%D0%BE%D0%B2-%D0%BD%D1%8F%D0%BC%D0%B0-%D0%BB%D0%B8-%D0%BA%D0%BE%D0%BC%D0%BF%D1%80%D0%BE%D0%BC%D0%B8%D1%81-%D0%BC%D0%B5%D0%B6%D0%B4%D1%83-%D0%BF%D0%B0%D1%80%D1%82%D0%B8%D0%B8%D1%82%D0%B5-%D1%89%D0%B5-%D1%81%D0%B5-%D0%BE%D0%B7%D0%BE%D0%B2%D0%B5%D0%BC-%D0%B2-%D1%81%D1%8A%D1%89%D0%B0%D1%82%D0%B0-%D1%81%D0%B8%D1%82%D1%83%D0%B0%D1%86%D0%B8%D1%8F/
2021-10-30,Nova,Офанзива,Атанас Зафиров,33 - БСП ЗА БЪЛГАРИЯ,https://nova.bg/news/view/2021/10/30/344693/%D0%B7%D0%B0%D1%84%D0%B8%D1%80%D0%BE%D0%B2-%D1%80%D0%B5%D0%B4%D0%BD%D0%BE-%D0%B1%D0%B5%D1%88%D0%B5-%D0%BA%D0%B8%D1%80%D0%B8%D0%BB-%D0%BF%D0%B5%D1%82%D0%BA%D0%BE%D0%B2-%D0%B4%D0%B0-%D1%81%D0%B5-%D0%B8%D0%B7%D0%B2%D0%B8%D0%BD%D0%B8-%D0%BD%D0%B0-%D0%BF%D1%80%D0%B5%D0%B7%D0%B8%D0%B4%D0%B5%D0%BD%D1%82%D0%B0/
2021-10-30,Nova,Офанзива,Атанас Атанасов,30 - ДЕМОКРАТИЧНА БЪЛГАРИЯ – ОБЕДИНЕНИЕ,https://nova.bg/news/view/2021/10/30/344689/%D0%B0%D1%82%D0%B0%D0%BD%D0%B0%D1%81%D0%BE%D0%B2-%D0%B7%D0%B0%D1%80%D0%B0%D0%B4%D0%B8-%D0%B4%D1%80%D0%B5%D0%B1%D0%BD%D0%B8-%D0%BF%D0%BE%D0%BB%D0%B8%D1%82%D0%B8%D1%87%D0%B5%D1%81%D0%BA%D0%B8-%D1%81%D0%BC%D0%B5%D1%82%D0%BA%D0%B8-%D0%BD%D0%B5-%D1%81%D0%B5-%D0%BF%D1%80%D0%B5%D0%B4%D0%BF%D1%80%D0%B8%D0%B5%D0%BC%D0%B0%D1%82-%D0%B0%D0%B4%D0%B5%D0%BA%D0%B2%D0%B0%D1%82%D0%BD%D0%B8-%D0%BC%D0%B5%D1%80%D0%BA%D0%B8/
2021-10-30,Nova,Офанзива,Мая Манолова,31 - ИЗПРАВИ СЕ БГ! НИЕ ИДВАМЕ!,https://nova.bg/news/view/2021/10/30/344688/%D0%BC%D0%B0%D0%BD%D0%BE%D0%BB%D0%BE%D0%B2%D0%B0-%D1%89%D0%B5-%D0%B2%D0%BD%D0%B5%D1%81%D0%B5%D0%BC-%D0%BF%D1%80%D0%B5%D0%B4%D0%BB%D0%BE%D0%B6%D0%B5%D0%BD%D0%B8%D0%B5-%D0%B4%D0%B0-%D0%BE%D1%82%D0%BF%D0%B0%D0%B4%D0%BD%D0%B5-%D0%B7%D0%B0%D0%B1%D1%80%D0%B0%D0%BD%D0%B0%D1%82%D0%B0-%D0%B7%D0%B0-%D0%B4%D0%B2%D0%BE%D0%B9%D0%BD%D0%BE-%D0%B3%D1%80%D0%B0%D0%B6%D0%B4%D0%B0%D0%BD%D1%81%D1%82%D0%B2%D0%BE/
2021-10-31,bTV,Тази събота и неделя,Христо Иванов,30 - ДЕМОКРАТИЧНА БЪЛГАРИЯ – ОБЕДИНЕНИЕ,https://btvnovinite.bg/predavania/tazi-sabota-i-nedelia/liderski-intervjuta-hristo-ivanov-ot-demokratichna-balgarija.html
2021-11-01,bTV,Тази сутрин,Лозан Панов,0 - НЕЗАВИСИМ КАНДИДАТ,https://btvnovinite.bg/predavania/tazi-sutrin/lozan-panov-ubeden-sam-che-shte-stigna-do-balotazh.html
2021-10-31,bTV,bTV Дебати парламентарни избори,Асен Балтов,32 - ГЕРБ-СДС,https://btvnovinite.bg/predavania/tazi-sabota-i-nedelia/bitkata-za-novija-parlament-predizboren-debat-za-covid-krizata-i-zdraveopazvaneto.html
2021-10-31,bTV,bTV Дебати парламентарни избори,Александър Симидчиев,30 - ДЕМОКРАТИЧНА БЪЛГАРИЯ – ОБЕДИНЕНИЕ,https://btvnovinite.bg/predavania/tazi-sabota-i-nedelia/bitkata-za-novija-parlament-predizboren-debat-za-covid-krizata-i-zdraveopazvaneto.html
2021-10-31,bTV,bTV Дебати парламентарни избори,Андрей Чорбанов,24 - ИТН,https://btvnovinite.bg/predavania/tazi-sabota-i-nedelia/bitkata-za-novija-parlament-predizboren-debat-za-covid-krizata-i-zdraveopazvaneto.html
2021-10-31,bTV,bTV Дебати парламентарни избори,Желязко Арабаджиев,17 - ДПС,https://btvnovinite.bg/predavania/tazi-sabota-i-nedelia/bitkata-za-novija-parlament-predizboren-debat-za-covid-krizata-i-zdraveopazvaneto.html
2021-11-01,БНТ,БНТ Дебати парламентарни избори,Станимир Цоков,10 - БЪЛГАРСКА СОЦИАЛДЕМОКРАЦИЯ – ЕВРОЛЕВИЦА,https://bnt.bg/news/disput-ot-studioto-v-sofiya-s-uchastieto-na-stanimir-cocov-ot-balgarska-socialdemokraciya-evrolevica-cvetan-nochev-partiya-na-v306504-299857news.html
2021-11-01,БНТ,БНТ Дебати парламентарни избори,Цветан Ночев,35 - ПАРТИЯ НА ЗЕЛЕНИТЕ,https://bnt.bg/news/disput-ot-studioto-v-sofiya-s-uchastieto-na-stanimir-cocov-ot-balgarska-socialdemokraciya-evrolevica-cvetan-nochev-partiya-na-v306504-299857news.html
2021-11-01,БНТ,БНТ Дебати парламентарни избори,Георги Чернев,26 - МИР,https://bnt.bg/news/disput-ot-studioto-v-sofiya-s-uchastieto-na-stanimir-cocov-ot-balgarska-socialdemokraciya-evrolevica-cvetan-nochev-partiya-na-v306504-299857news.html
2021-11-01,БНТ,Още от деня,Светослав Витков,14 - ГЛАС НАРОДЕН,https://bnt.bg/news/oshte-ot-denya-svetoslav-vitkov-pp-glas-naroden-v306523-299857news.html
2021-11-01,БНТ,Денят започва,Анастас Герджиков,0 - НЕЗАВИСИМ КАНДИДАТ,https://bnt.bg/news/prof-anastas-gerjikov-kandidat-za-prezident-v306470-299858news.html
2021-11-01,БНТ,Още от деня,Жельо Желев,13 - ОБЩЕСТВО ЗА НОВА БЪЛГАРИЯ“,https://bnt.bg/news/oshte-ot-denya%C2%A0-zhelyo-zhelev-kandidat-za-prezident-izdignat-ot-pp-obshtestvo-za-nova-balgariya-v306524-299858news.html
2021-11-01,БНТ,Още от деня,Росен Миленов,0 - НЕЗАВИСИМ КАНДИДАТ,https://bnt.bg/news/oshte-ot-denya-rosen-milenov-kandidat-za-prezident-i-ivan-ivanov-kandidat-za-viceprezident-izdignati-ot-ik-v306525-299858news.html
2021-11-01,БНТ,Още от деня,Иван Иванов,0 - НЕЗАВИСИМ КАНДИДАТ,https://bnt.bg/news/oshte-ot-denya-rosen-milenov-kandidat-za-prezident-i-ivan-ivanov-kandidat-za-viceprezident-izdignati-ot-ik-v306525-299858news.html
2021-11-01,БНТ,БНТ Дебати президентски избори,Мария Колева,20 - ПРАВОТО,https://bnt.bg/news/debatat-za-balgariya-v306534-299858news.html
2021-11-01,БНТ,БНТ Дебати президентски избори,Александър Томов,10 - БЪЛГАРСКА СОЦИАЛДЕМОКРАЦИЯ – ЕВРОЛЕВИЦА,https://bnt.bg/news/debatat-za-balgariya-v306534-299858news.html
2021-11-01,БНТ,БНТ Дебати президентски избори,Цветан Манчев,4 - КП ПАТРИОТИЧЕН ФРОНТ – НФСБ и БДС РАДИКАЛИ и БНДС ЦЕЛОКУПНА БЪЛГАРИЯ,https://bnt.bg/news/debatat-za-balgariya-v306534-299858news.html
2021-11-01,БНТ,БНТ Дебати президентски избори,Горан Благоев,7 - НАЦИОНАЛНО ОБЕДИНЕНИЕ НА ДЕСНИЦАТА,https://bnt.bg/news/debatat-za-balgariya-v306534-299858news.html
2021-11-01,БНТ,БНТ Дебати президентски избори,Севина Хаджийска,8 - БЪЛГАРСКИ СЪЮЗ ЗА ДИРЕКТНА ДЕМОКРАЦИЯ (БСДД),https://bnt.bg/news/debatat-za-balgariya-v306534-299858news.html
2021-11-02,Nova,"""Здравей, България""",Костадин Костадинов,5 - ВЪЗРАЖДАНЕ,https://nova.bg/news/view/2021/11/02/344933/%D0%BA%D0%BE%D1%81%D1%82%D0%B0%D0%B4%D0%B8%D0%BD-%D0%BA%D0%BE%D1%81%D1%82%D0%B0%D0%B4%D0%B8%D0%BD%D0%BE%D0%B2-%D0%BE%D1%81%D0%BD%D0%BE%D0%B2%D0%BD%D0%B8%D1%8F%D1%82-%D0%BD%D0%B0%D1%82%D0%B8%D1%81%D0%BA-%D0%B5-%D0%B2%D1%8A%D1%80%D1%85%D1%83-%D0%B4%D1%8A%D1%80%D0%B6%D0%B0%D0%B2%D0%BD%D0%B8%D1%82%D0%B5-%D0%B1%D0%BE%D0%BB%D0%BD%D0%B8%D1%86%D0%B8/
2021-11-02,Nova,Твоят ден,Валери Симеонов,4 - КП ПАТРИОТИЧЕН ФРОНТ – НФСБ и БДС РАДИКАЛИ и БНДС ЦЕЛОКУПНА БЪЛГАРИЯ,https://nova.bg/news/view/2021/11/02/344953/%D0%BA%D0%BE%D1%81%D1%82%D0%B0%D0%B4%D0%B8%D0%BD%D0%BE%D0%B2-%D0%B8-%D1%81%D0%B8%D0%B4%D0%B5%D1%80%D0%BE%D0%B2-%D0%BE%D0%BF%D1%80%D0%BE%D0%B2%D0%B5%D1%80%D0%B3%D0%B0%D1%85%D0%B0-%D1%82%D0%B2%D1%8A%D1%80%D0%B4%D0%B5%D0%BD%D0%B8%D0%B5%D1%82%D0%BE-%D0%BD%D0%B0-%D1%81%D0%B8%D0%BC%D0%B5%D0%BE%D0%BD%D0%BE%D0%B2-%D0%B7%D0%B0-%D1%80%D1%83%D1%81%D0%BE%D1%84%D0%B8%D0%BB%D1%81%D0%BA%D0%B0-%D1%85%D0%B8%D0%B1%D1%80%D0%B8%D0%B4%D0%BD%D0%B0-%D0%B0%D1%82%D0%B0%D0%BA%D0%B0/
2021-11-02,Nova,Твоят ден,Христо Проданов,33 - БСП ЗА БЪЛГАРИЯ,https://nova.bg/news/view/2021/11/02/344948/%D0%BF%D1%80%D0%BE%D0%B4%D0%B0%D0%BD%D0%BE%D0%B2-%D1%81%D1%80%D0%B5%D0%B4%D1%81%D1%82%D0%B2%D0%B0-%D0%B7%D0%B0-%D0%BA%D0%BE%D0%BC%D0%BF%D0%B5%D0%BD%D1%81%D0%B0%D1%86%D0%B8%D0%B8-%D0%BD%D0%B0-%D0%B1%D0%B8%D0%B7%D0%BD%D0%B5%D1%81%D0%B0-%D0%B8%D0%BC%D0%B0-%D0%BD%D0%B5-%D0%BC%D0%BE%D0%B6%D0%B5-%D0%B4%D0%B0-%D1%81%D0%B5-%D0%B3%D0%BE%D0%B2%D0%BE%D1%80%D0%B8-%D0%B7%D0%B0-%D0%BB%D0%B8%D0%BF%D1%81%D0%B0-%D0%BD%D0%B0-%D0%BF%D0%B0%D1%80%D0%B8/
2021-11-02,bTV,Лице в лице,Александър Томов,10 - БЪЛГАРСКА СОЦИАЛДЕМОКРАЦИЯ – ЕВРОЛЕВИЦА,https://btvnovinite.bg/predavania/lice-v-lice/aleksandar-tomov-kandidatirah-se-za-prezident-zashtoto-protestat-e-predaden.html
2021-11-02,bTV,Лице в лице,Делян Добрев,32 - ГЕРБ-СДС,https://btvnovinite.bg/predavania/lice-v-lice/deljan-dobrev-pravitelstvoto-trjabva-da-podade-ostavka.html
2021-11-02,БНТ,Денят започва,Татяна Дончева,31 - ИЗПРАВИ СЕ БГ! НИЕ ИДВАМЕ!,https://bnt.bg/news/tatyana-doncheva-kandidat-za-naroden-predstavitel-ot-izpravi-sebg-nie-idvame-v306551-299897news.html
2021-11-02,БНТ,Денят започва,Красимир Янков,34 - ПП БЪЛГАРСКА ПРОГРЕСИВНА ЛИНИЯ,https://bnt.bg/news/krasimir-yankov-kandidat-za-naroden-predstavitel-ot-balgarska-progresivna-liniya-v306552-299897news.html
2021-11-02,БНТ,БНТ Дебати парламентарни избори,Александър Атанасов ,22 - БЪЛГАРСКО НАЦИОНАЛНО ОБЕДИНЕНИЕ,https://bnt.bg/news/disput-s-uchastieto-na-georgi-georgiev-pp-bno-i-kristiyan-dimitrov-pp-ataka-v306590-299897news.html
2021-11-02,БНТ,БНТ Дебати парламентарни избори,Кристиян Димитров,11 - АТАКА,https://bnt.bg/news/disput-s-uchastieto-na-georgi-georgiev-pp-bno-i-kristiyan-dimitrov-pp-ataka-v306590-299897news.html
2021-11-02,БНТ,Още от деня,Борис Ячев,4 - КП ПАТРИОТИЧЕН ФРОНТ – НФСБ и БДС РАДИКАЛИ и БНДС ЦЕЛОКУПНА БЪЛГАРИЯ,https://bnt.bg/news/oshte-ot-denya-boris-yachev-patriotichen-front-v306609-299897news.html
2021-11-02,БНТ,Още от деня,Георги Неделчев,8 - БЪЛГАРСКИ СЪЮЗ ЗА ДИРЕКТНА ДЕМОКРАЦИЯ (БСДД),https://bnt.bg/news/oshte-ot-denya-georgi-nedelchev-ot-balgarski-sayuz-za-direktna-demokraciya-v306610-299897news.html
2021-11-02,БНТ,Референдум,Юлиан Ангелов,21 -  ВМРО-БНД,https://bnt.bg/news/vodachi-na-listi-ot-politicheskite-partii-i-koalicii-predstavyat-svoite-prioriteti-299872news.html
2021-11-02,БНТ,Референдум,Петър Клисаров,29 - ПРЯКА ДЕМОКРАЦИЯ,https://bnt.bg/news/vodachi-na-listi-ot-politicheskite-partii-i-koalicii-predstavyat-svoite-prioriteti-299872news.html
2021-11-02,БНТ,Референдум,Мирослав Паскалев,22 - БЪЛГАРСКО НАЦИОНАЛНО ОБЕДИНЕНИЕ,https://bnt.bg/news/vodachi-na-listi-ot-politicheskite-partii-i-koalicii-predstavyat-svoite-prioriteti-299872news.html
2021-11-02,БНТ,Референдум,Боян Дуранкев,2 - РУСОФИЛИ ЗА ВЪЗРАЖДАНЕ НА ОТЕЧЕСТВОТО,https://bnt.bg/news/vodachi-na-listi-ot-politicheskite-partii-i-koalicii-predstavyat-svoite-prioriteti-299872news.html
2021-11-02,БНТ,Референдум,Цветозар Захариев,13 - ОБЩЕСТВО ЗА НОВА БЪЛГАРИЯ“,https://bnt.bg/news/vodachi-na-listi-ot-politicheskite-partii-i-koalicii-predstavyat-svoite-prioriteti-299872news.html
2021-11-02,БНТ,Референдум,Иван Габеров,27 - БЛАГОДЕНСТВИЕ – ОБЕДИНЕНИЕ – ГРАДИВНОСТ,https://bnt.bg/news/vodachi-na-listi-ot-politicheskite-partii-i-koalicii-predstavyat-svoite-prioriteti-299872news.html
2021-11-02,БНТ,Денят започва,Валери Симеонов,4 - КП ПАТРИОТИЧЕН ФРОНТ – НФСБ и БДС РАДИКАЛИ и БНДС ЦЕЛОКУПНА БЪЛГАРИЯ,https://bnt.bg/news/valeri-simeonov-kandidat-za-prezident-na-koaliciya-patriotichen-front-v306554-299898news.html
2021-11-02,БНТ,Още от деня,Мария Цветкова,21 -  ВМРО-БНД,https://bnt.bg/news/oshte-ot-denya-mariya-cvetkova-kandidat-za-viceprezident-ot-vmro-v306611-299898news.html
2021-11-02,БНТ,Кандидатите,Боян Расате,0 - НЕЗАВИСИМ КАНДИДАТ,https://bnt.bg/news/boyan-rasate-i-elena-vatashka-kandidati-za-prezident-i-viceprezident-izdignati-ot-iniciativen-komitet-v306622-299898news.html
2021-11-02,БНТ,Кандидатите,Елена Ваташка,0 - НЕЗАВИСИМ КАНДИДАТ,https://bnt.bg/news/boyan-rasate-i-elena-vatashka-kandidati-za-prezident-i-viceprezident-izdignati-ot-iniciativen-komitet-v306622-299898news.html
2021-11-03,БНТ,Денят започва,Цветан Цветанов,7 - НАЦИОНАЛНО ОБЕДИНЕНИЕ НА ДЕСНИЦАТА,https://bnt.bg/news/cvetan-cvetanov-kandidat-za-naroden-predstavitel-ot-kp-nacionalno-obedinenie-na-desnicata-v306642-299943news.html
2021-11-03,БНТ,Денят започва,Мария Колева,20 - ПРАВОТО,https://bnt.bg/news/mariya-koleva-kandidat-za-naroden-predstavitel-ot-pp-pravoto-v306643-299943news.html
2021-11-03,БНТ,Още от деня,Корнелия Нинова,33 - БСП ЗА БЪЛГАРИЯ,https://bnt.bg/news/korneliya-ninova-kandidat-za-naroden-predstavitel-ot-bsp-za-balgariya-v306688-299943news.html
2021-11-03,БНТ,Денят започва,Милен Михов,21 -  ВМРО-БНД,https://bnt.bg/news/doc-milen-mihov-kandidati-za-prezident-izdignat-ot-vmro-balgarsko-nacionalno-dvizhenie-v306644-299944news.html
2021-11-03,БНТ,Още от деня,Йоло Денев,0 - НЕЗАВИСИМ КАНДИДАТ,https://bnt.bg/news/yolo-denev-kandidat-za-prezident-izdignat-ot-iniciativen-komitet-v306689-299944news.html
2021-11-03,БНТ,Кандидатите,Цвета Кирилова,0 - НЕЗАВИСИМ КАНДИДАТ,https://bnt.bg/news/cveta-kirilova-i-georgi-tutanov-kandidati-za-prezident-i-viceprezident-izdignati-ot-iniciativen-komitet-v306703-299944news.html
2021-11-03,БНТ,Кандидатите,Георги Тутанов,0 - НЕЗАВИСИМ КАНДИДАТ,https://bnt.bg/news/cveta-kirilova-i-georgi-tutanov-kandidati-za-prezident-i-viceprezident-izdignati-ot-iniciativen-komitet-v306703-299944news.html
2021-11-04,БНТ,Денят започва,Филип Попов,33 - БСП ЗА БЪЛГАРИЯ,https://bnt.bg/news/filip-popov-kandidat-za-naroden-predstavitel-ot-bsp-za-balgariya-v306723-299982news.html
2021-11-04,БНТ,Денят започва,Борислав Сандов,30 - ДЕМОКРАТИЧНА БЪЛГАРИЯ – ОБЕДИНЕНИЕ,https://bnt.bg/news/borislav-sandov-kandidat-za-naroden-predstavitel-ot-demokratichna-balgariya-obedinenie-v306727-299982news.html
2021-11-04,БНТ,БНТ Дебати парламентарни избори,Йордан Йорданов,8 - БЪЛГАРСКИ СЪЮЗ ЗА ДИРЕКТНА ДЕМОКРАЦИЯ (БСДД),https://bnt.bg/news/predizboren-disput-yordan-yordanov-ot-balgarski-sayuz-za-direktna-demokraciya-prof-hristo-smolenov-ot-vmro-balgarsko-nacio-v306765-299982news.html
2021-11-04,БНТ,БНТ Дебати парламентарни избори,Христо Смоленов,21 -  ВМРО-БНД,https://bnt.bg/news/predizboren-disput-yordan-yordanov-ot-balgarski-sayuz-za-direktna-demokraciya-prof-hristo-smolenov-ot-vmro-balgarsko-nacio-v306765-299982news.html
2021-11-04,БНТ,БНТ Дебати парламентарни избори,Иван Казаков,29 - ПРЯКА ДЕМОКРАЦИЯ,https://bnt.bg/news/predizboren-disput-yordan-yordanov-ot-balgarski-sayuz-za-direktna-demokraciya-prof-hristo-smolenov-ot-vmro-balgarsko-nacio-v306765-299982news.html
2021-11-04,БНТ,Още от деня,Ивайло Вълчев,24 - ИТН,https://bnt.bg/news/ivailo-valchev-kandidat-za-naroden-predstavitel-ot-pp-ima-takav-narod-v306781-299982news.html
2021-11-04,БНТ,Денят започва,Росен Миленов,0 - НЕЗАВИСИМ КАНДИДАТ,https://bnt.bg/news/rosen-milenov-kandidat-za-prezident-izdignat-ot-iniciativen-komitet-v306730-299986news.html
2021-11-04,БНТ,Още от деня,Георги Георгиев,22 - БЪЛГАРСКО НАЦИОНАЛНО ОБЕДИНЕНИЕ,https://bnt.bg/news/georgi-georgiev-kandidat-za-prezident-pp-bno-v306782-299986news.html
2021-11-04,БНТ,Кандидатите,Мария Колева,20 - ПРАВОТО,https://bnt.bg/news/mariya-koleva-kandidat-za-prezident-pp-pravoto-v306794-299986news.html
2021-11-05,БНТ,Денят започва,Адриан Асенов,11 - АТАКА,https://bnt.bg/news/adrian-asenov-kandidat-za-naroden-predstavitel-na-ataka-v306814-300038news.html
2021-11-05,БНТ,Денят започва,Александър Сиди,21 -  ВМРО-БНД,https://bnt.bg/news/aleksandar-sidi-kandidat-za-naroden-predstavitel-na-vmro-balgarsko-nacionalno-dvizhenie-v306815-300038news.html
2021-11-05,БНТ,Денят започва,Костадин Костадинов,5 - ВЪЗРАЖДАНЕ,https://bnt.bg/news/prezidentski-izbori-2021-05112021-300040news.html
2021-11-03,bTV,Тази сутрин,Волен Сидеров,11 - АТАКА,https://btvnovinite.bg/predavania/tazi-sutrin/siderov-radev-e-osnovnijat-mi-oponent-na-prezidentskite-izborite.html
2021-11-03,bTV,Лице в лице,Христо Иванов,30 - ДЕМОКРАТИЧНА БЪЛГАРИЯ – ОБЕДИНЕНИЕ,https://btvnovinite.bg/predavania/lice-v-lice/hristo-ivanov-dajte-ni-mandat-za-da-poluchite-pravitelstvo.html
2021-11-04,bTV,Тази сутрин,Атанас Кънчев,17 - ДПС,https://btvnovinite.bg/predavania/tazi-sutrin/atanas-kanchev-trjabva-da-se-izgrazhdat-mostove-i-da-ima-redovno-pravitelstvo.html
2021-11-04,bTV,Лице в лице,Тошко Йорданов,24 - ИТН,https://btvnovinite.bg/predavania/lice-v-lice/toshko-jordanov-zelenijat-sertifikat-e-praktichna-ideja-no-podnesena-po-neskoposan-nachin.html
2021-11-04,Nova,"""Здравей, България""",Лозан Панов,0 - НЕЗАВИСИМ КАНДИДАТ,https://nova.bg/news/view/2021/11/04/345190/%D0%BF%D0%B0%D0%BD%D0%BE%D0%B2-%D0%B7%D0%B0-%D0%B4%D0%B0-%D0%B8%D0%BC%D0%B0-%D0%BF%D1%80%D0%B0%D0%B2%D0%B8%D1%82%D0%B5%D0%BB%D1%81%D1%82%D0%B2%D0%BE-%D0%B5-%D0%B2%D0%B0%D0%B6%D0%BD%D0%BE-%D0%BA%D0%BE%D0%B9-%D1%89%D0%B5-%D0%B5-%D0%BF%D1%80%D0%B5%D0%B7%D0%B8%D0%B4%D0%B5%D0%BD%D1%82/
2021-11-04,Nova,"""Здравей, България""",Мария Касимова-Моасе,0 - НЕЗАВИСИМ КАНДИДАТ,https://nova.bg/news/view/2021/11/04/345190/%D0%BF%D0%B0%D0%BD%D0%BE%D0%B2-%D0%B7%D0%B0-%D0%B4%D0%B0-%D0%B8%D0%BC%D0%B0-%D0%BF%D1%80%D0%B0%D0%B2%D0%B8%D1%82%D0%B5%D0%BB%D1%81%D1%82%D0%B2%D0%BE-%D0%B5-%D0%B2%D0%B0%D0%B6%D0%BD%D0%BE-%D0%BA%D0%BE%D0%B9-%D1%89%D0%B5-%D0%B5-%D0%BF%D1%80%D0%B5%D0%B7%D0%B8%D0%B4%D0%B5%D0%BD%D1%82/
2021-11-03,Nova,Твоят ден,Любомир Каримански,24 - ИТН,https://nova.bg/news/view/2021/11/03/345071/%D0%BA%D0%B0%D1%80%D0%B8%D0%BC%D0%B0%D0%BD%D1%81%D0%BA%D0%B8-%D0%B4%D0%B0%D0%B2%D0%B0%D1%82-%D0%B4%D0%BE-350-000-%D0%BB%D0%B2-%D0%B7%D0%B0-%D0%B4%D0%B0-%D0%BF%D1%83%D1%81%D0%BD%D0%B0%D1%82-%D1%82%D0%B8%D1%80-%D0%B1%D0%B5%D0%B7-%D0%BF%D1%80%D0%BE%D0%B2%D0%B5%D1%80%D0%BA%D0%B0-%D0%BF%D1%80%D0%B5%D0%B7-%D0%BC%D0%B8%D1%82%D0%BD%D0%B8%D1%86%D0%B8%D1%82%D0%B5/
2021-11-04,Nova,"""Здравей, България""",Мая Манолова,31 - ИЗПРАВИ СЕ БГ! НИЕ ИДВАМЕ!,https://nova.bg/news/view/2021/11/04/345188/%D0%BC%D0%B0%D0%BD%D0%BE%D0%BB%D0%BE%D0%B2%D0%B0-%D0%B7%D0%B5%D0%BB%D0%B5%D0%BD%D0%B8%D1%8F%D1%82-%D1%81%D0%B5%D1%80%D1%82%D0%B8%D1%84%D0%B8%D0%BA%D0%B0%D1%82-%D1%82%D1%80%D1%8F%D0%B1%D0%B2%D0%B0-%D0%B4%D0%B0-%D0%B1%D1%8A%D0%B4%D0%B5-%D0%BA%D0%BE%D1%80%D0%B8%D0%B3%D0%B8%D1%80%D0%B0%D0%BD/
2021-11-04,Nova,Пресечна точка,Радостин Василев,24 - ИТН,https://nova.bg/news/view/2021/11/04/345254/%D0%BF%D1%80%D0%B5%D1%81%D0%B5%D1%87%D0%BD%D0%B0-%D1%82%D0%BE%D1%87%D0%BA%D0%B0-%D0%B7%D0%B0-%D0%BC%D0%B5%D1%80%D0%BA%D0%B8%D1%82%D0%B5-%D1%81%D1%80%D0%B5%D1%89%D1%83-covid-19-%D0%B8-%D0%B8%D0%BA%D0%BE%D0%BD%D0%BE%D0%BC%D0%B8%D1%87%D0%B5%D1%81%D0%BA%D0%BE%D1%82%D0%BE-%D0%BE%D1%82%D1%80%D0%B0%D0%B6%D0%B5%D0%BD%D0%B8%D0%B5-%D0%BE%D1%82-%D0%BF%D0%B0%D0%BD%D0%B4%D0%B5%D0%BC%D0%B8%D1%8F%D1%82%D0%B0/
2021-11-04,Nova,Пресечна точка,Зарко Маринов,30 - ДЕМОКРАТИЧНА БЪЛГАРИЯ – ОБЕДИНЕНИЕ,https://nova.bg/news/view/2021/11/04/345254/%D0%BF%D1%80%D0%B5%D1%81%D0%B5%D1%87%D0%BD%D0%B0-%D1%82%D0%BE%D1%87%D0%BA%D0%B0-%D0%B7%D0%B0-%D0%BC%D0%B5%D1%80%D0%BA%D0%B8%D1%82%D0%B5-%D1%81%D1%80%D0%B5%D1%89%D1%83-covid-19-%D0%B8-%D0%B8%D0%BA%D0%BE%D0%BD%D0%BE%D0%BC%D0%B8%D1%87%D0%B5%D1%81%D0%BA%D0%BE%D1%82%D0%BE-%D0%BE%D1%82%D1%80%D0%B0%D0%B6%D0%B5%D0%BD%D0%B8%D0%B5-%D0%BE%D1%82-%D0%BF%D0%B0%D0%BD%D0%B4%D0%B5%D0%BC%D0%B8%D1%8F%D1%82%D0%B0/
2021-11-04,Nova,Пресечна точка,Тунджай Йозтюрк,17 - ДПС,https://nova.bg/news/view/2021/11/04/345254/%D0%BF%D1%80%D0%B5%D1%81%D0%B5%D1%87%D0%BD%D0%B0-%D1%82%D0%BE%D1%87%D0%BA%D0%B0-%D0%B7%D0%B0-%D0%BC%D0%B5%D1%80%D0%BA%D0%B8%D1%82%D0%B5-%D1%81%D1%80%D0%B5%D1%89%D1%83-covid-19-%D0%B8-%D0%B8%D0%BA%D0%BE%D0%BD%D0%BE%D0%BC%D0%B8%D1%87%D0%B5%D1%81%D0%BA%D0%BE%D1%82%D0%BE-%D0%BE%D1%82%D1%80%D0%B0%D0%B6%D0%B5%D0%BD%D0%B8%D0%B5-%D0%BE%D1%82-%D0%BF%D0%B0%D0%BD%D0%B4%D0%B5%D0%BC%D0%B8%D1%8F%D1%82%D0%B0/
2021-11-05,Nova,Твоят ден,Евгени Будинов,32 - ГЕРБ-СДС,https://nova.bg/news/view/2021/11/05/345346/%D0%B1%D1%83%D0%B4%D0%B8%D0%BD%D0%BE%D0%B2-%D0%B3%D0%B5%D1%80%D0%B1-%D1%89%D0%B5-%D0%B2%D1%8A%D1%80%D0%BD%D0%B5-%D0%B7%D0%B5%D0%BB%D0%B5%D0%BD%D0%B8%D1%82%D0%B5-%D0%BA%D0%BE%D1%80%D0%B8%D0%B4%D0%BE%D1%80%D0%B8-%D0%B8-%D0%BD%D0%BE%D1%89-%D0%B0%D0%BA%D0%BE-%D0%B2%D0%B7%D0%B5%D0%BC%D0%B5-%D0%B2%D0%BB%D0%B0%D1%81%D1%82%D1%82%D0%B0/
2021-11-02,Nova,Пресечна точка,Волен Сидеров,11 - АТАКА,https://nova.bg/news/view/2021/11/02/345006/%D0%BF%D1%80%D0%B5%D1%81%D0%B5%D1%87%D0%BD%D0%B0-%D1%82%D0%BE%D1%87%D0%BA%D0%B0-%D0%B7%D0%B0-%D0%BF%D1%80%D0%B5%D0%B4%D0%B8%D0%B7%D0%B1%D0%BE%D1%80%D0%BD%D0%B8%D1%82%D0%B5-%D0%BF%D1%80%D0%BE%D0%B3%D1%80%D0%B0%D0%BC%D0%B8-%D0%BA%D0%B0%D0%BC%D0%BF%D0%B0%D0%BD%D0%B8%D1%8F%D1%82%D0%B0-%D0%B7%D0%B0-%D0%B2%D0%BE%D1%82%D0%B0-%D0%B8-covid-19/
2021-11-03,Nova,Пресечна точка,Никола Вапцаров,31 - ИЗПРАВИ СЕ БГ! НИЕ ИДВАМЕ!,https://nova.bg/news/view/2021/11/03/345130/%D0%BF%D1%80%D0%B5%D1%81%D0%B5%D1%87%D0%BD%D0%B0-%D1%82%D0%BE%D1%87%D0%BA%D0%B0-%D0%B7%D0%B0-%D0%BC%D0%B5%D1%80%D0%BA%D0%B8%D1%82%D0%B5-%D1%81%D1%80%D0%B5%D1%89%D1%83-covid-19-%D0%B8-%D0%B8%D0%BA%D0%BE%D0%BD%D0%BE%D0%BC%D0%B8%D1%87%D0%B5%D1%81%D0%BA%D0%BE%D1%82%D0%BE-%D0%BE%D1%82%D1%80%D0%B0%D0%B6%D0%B5%D0%BD%D0%B8%D0%B5-%D0%BE%D1%82-%D0%BF%D0%B0%D0%BD%D0%B4%D0%B5%D0%BC%D0%B8%D1%8F%D1%82%D0%B0/
2021-11-03,Nova,Пресечна точка,Деян Николов,5 - ВЪЗРАЖДАНЕ,https://nova.bg/news/view/2021/11/03/345130/%D0%BF%D1%80%D0%B5%D1%81%D0%B5%D1%87%D0%BD%D0%B0-%D1%82%D0%BE%D1%87%D0%BA%D0%B0-%D0%B7%D0%B0-%D0%BC%D0%B5%D1%80%D0%BA%D0%B8%D1%82%D0%B5-%D1%81%D1%80%D0%B5%D1%89%D1%83-covid-19-%D0%B8-%D0%B8%D0%BA%D0%BE%D0%BD%D0%BE%D0%BC%D0%B8%D1%87%D0%B5%D1%81%D0%BA%D0%BE%D1%82%D0%BE-%D0%BE%D1%82%D1%80%D0%B0%D0%B6%D0%B5%D0%BD%D0%B8%D0%B5-%D0%BE%D1%82-%D0%BF%D0%B0%D0%BD%D0%B4%D0%B5%D0%BC%D0%B8%D1%8F%D1%82%D0%B0/
2021-11-03,Nova,Пресечна точка,Юлиан Ангелов,21 -  ВМРО-БНД,https://nova.bg/news/view/2021/11/03/345130/%D0%BF%D1%80%D0%B5%D1%81%D0%B5%D1%87%D0%BD%D0%B0-%D1%82%D0%BE%D1%87%D0%BA%D0%B0-%D0%B7%D0%B0-%D0%BC%D0%B5%D1%80%D0%BA%D0%B8%D1%82%D0%B5-%D1%81%D1%80%D0%B5%D1%89%D1%83-covid-19-%D0%B8-%D0%B8%D0%BA%D0%BE%D0%BD%D0%BE%D0%BC%D0%B8%D1%87%D0%B5%D1%81%D0%BA%D0%BE%D1%82%D0%BE-%D0%BE%D1%82%D1%80%D0%B0%D0%B6%D0%B5%D0%BD%D0%B8%D0%B5-%D0%BE%D1%82-%D0%BF%D0%B0%D0%BD%D0%B4%D0%B5%D0%BC%D0%B8%D1%8F%D1%82%D0%B0/
2021-11-06,БНТ,Денят започва с Георги Любенов,Цончо Ганев,5 - ВЪЗРАЖДАНЕ,
2021-11-06,БНТ,Денят започва с Георги Любенов,Николай Хаджигенов,31 - ИЗПРАВИ СЕ БГ! НИЕ ИДВАМЕ!,
2021-11-06,БНТ,Денят започва с Георги Любенов,Красимир Каракачанов,21 -  ВМРО-БНД,
2021-11-06,БНТ,Денят започва с Георги Любенов,Волен Сидеров,11 - АТАКА,
2021-11-06,БНТ,Денят започва с Георги Любенов,Валери Симеонов,4 - КП ПАТРИОТИЧЕН ФРОНТ – НФСБ и БДС РАДИКАЛИ и БНДС ЦЕЛОКУПНА БЪЛГАРИЯ,
